id,name,average_rating,rating_count
088dc348-8484-4af7-93f1-861a65775e51,Artisan Chocolate Gift Box,0,0
0af221a1-389a-487f-8e14-7d5f3305169e,Secret Garden Tiara- Mangtikka,0,0
0dcabec8-a6f2-4d56-9a41-94e00e7f3b9d,flower candle Box,0,0
0f20c9e2-bea8-4e11-a92f-9f2fc8aa16a0,Sunflower Themed Gift Hampers for Her,0,0
12e8054f-329b-4dbd-8905-2132ec49876c,Trina spiral ring,0,0
14326a70-d982-4ccf-be45-0c78d75e5c4d,Ultimate wolverine mask,0,0
17c7abf1-8e94-4f2d-8b63-6f3e1d09d154,Kunchi Ocean,0,0
1b4b5fa6-dbe5-418d-96e2-22986921a223,Rose Devotion Luxury Candle,0,0
231ab515-b5c9-4354-be9a-ce35a6a6902b,Couple photo Resin keychain,0,0
247e6014-e79e-452d-b8e2-16d89c3d2be0,Kanzashi flower pink purple metalic hair pin( pack of 4).,0,0
2d090d65-ee32-48c4-aaa2-e464bca96fef,Courage the Cowardly Dog,0,0
2d578145-46bf-48ab-943a-3b5c1c11da07,Grifter Spider mask,0,0
358e510e-3691-492f-99a7-fdd523f70a5c,"Candle ",0,0
38856e99-1ced-446f-a5b3-cc9b90720c73,Cyber-sacred artwork,0,0
397a7450-33bf-4cb8-8d40-51faf36ddb3c,Pearl magnolia Lunar blossom hair pin(pack of 3 pin),0,0
3c90e7ab-dc5a-4869-94bd-a0fff83c0ecb,Resin Nameplate,0,0
412eed3d-ed8a-4a47-b5b6-00f7cb155f92,I 💕 U - Bouquet,0,0
434d3c2e-d25d-489b-a6c3-bb1043d15489,Sunshine Petals Crochet Arrangement,0,0
440ce4f8-5a5e-488a-b249-ab21a3139e5b,Toe Bag,0,0
44e6a95f-203f-4940-b189-046cfa06652f,Sunflower and lily bouquet,0,0
46c2a70a-558f-4d63-9436-3be5471523e4,Bluebell Blossom Crochet Vase,0,0
4ac8b2fe-e68a-4079-bab4-0ccb29fb24c6,Kunchi Ocean,0,0
4b951008-caec-4729-81e2-e91e270bf2b6,Crochet tulip bouquet (pink),0,0
4de63dc2-c2ed-47b0-864a-1d2199484a21,Flower basket,0,0
4e85da57-2847-43c0-9113-66b33d0dead4,"Resin Rose Jhumka ",0,0
54de58db-dec2-42a8-be5e-33c3bc52846d,Carnation flower candle,0,0
58005915-f24d-40c1-8472-a3a7ca3fac06,Resin Rose Ring,0,0
583ee8d9-0413-488d-8bc7-94aa86570535,"Resin Couple Coaster ",0,0
5fee8a25-5840-4d3b-ad60-a987803d8dfa,Crochet lily bouquet (PINK),0,0
602903da-dcbc-47d9-9bd3-c72b51fe3b11,Crochet Rose,0,0
6182a89d-087b-41ad-9e0b-91154982fdcb,Spider-man mask,0,0
65b4de10-4189-4ec3-b43f-268ba10efd5d,Artisan Chocolate Gift Box,0,0
68079754-c075-4cac-ab5e-0f04f031e2bc,Resin Engagement platter,0,0
690dae19-e16b-4d34-bbbf-3fe0de8d479c,Cigarette case,0,0
6b416e0f-a720-4bb6-ac01-2c5b019571da,Pedora Smile Complete Oral Care Mini Kit for Kids (4–12 Years),0,0
6c26b0c4-01e5-4ca3-9905-114ed888efb5,Cigarette case,0,0
718336f6-a4be-43c8-b617-a1e017d57a90,The Blossom Elixir Ring,0,0
75133cbe-7749-4eb4-9253-9122d84be5fa,Crochet lily bouquet (Orange),0,0
7ae3965d-e4f5-4d49-ac17-73e8140382dc,Deadpool mask,0,0
7d00fcbb-a3c6-45bb-87fe-9f9b6e3d712f,"DIY Couple frame ",0,0
7ede0996-55af-4a1e-b345-38e331923d19,Forever Flower Lily Bouquet,0,0
814f1d0c-f82a-4f29-9180-ca0a3687209f,"Pink cutesy bouquet ",0,0
816c43d0-ab9c-4565-adef-8f91f054361f,Evil Eye Keychain,0,0
81996351-4b66-40f6-aec5-0a4aecc58a72,Amazing Spider-man mask,0,0
87575858-28bf-45fb-be1d-0dc17863a781,Handmade Crochet Pink Tulip Bouquet,0,0
8819f739-6e33-4498-8790-4ecb98c9cd9f,Crochet Sunflower Keychain,0,0
8babb94b-eada-44dc-b378-d45382d9e20e,Sunflower Bliss Crochet Bouquet,0,0
8db75b8d-bf3e-4964-8f4b-849fd22b0251,Resin Baby detailing frame,0,0
8ffb3a74-20a7-49ae-b759-3bdabbf2c1ad,Name Garland,0,0
926d77ce-afaf-4128-b696-009241b952f5,Black Venom Spider-man mask,0,0
94503ac5-1ac5-44af-a916-2b7b0aea395d,Secret Garden Tiara-Necklace,0,0
9642689c-8374-4ead-8ba3-d12abbeb7b39,Resin rose locket,0,0
a2b1be86-df00-4571-86d8-0439d6e4508e,Cigarette case,0,0
a319b6c9-50c1-41c9-a2a7-92689c04da34,Pastel Pink Engagement Platter,0,0
a39d7f02-4477-48f1-9c62-256121293ae8,Handmade Crochet Red Rose Bouquet,0,0
a710356d-622b-48af-b9e6-4c3a770586bf,Secret Garden Tiara-Earrings,0,0
aa0a6ac1-11c2-41ea-b5a4-711e20ceeb31,Cosmic Vision UniSex Opticwash T-shirt,0,0
ab4b7711-9c3b-4e98-9459-b108a231fa9c,Large Sunflower bouquet,0,0
ac50090b-cbb3-452c-87e0-c9cdb44dfb0b,Poolverine mask,0,0
b23059d1-747b-420a-a043-1f2f5dfedaff,Kunchi Ocean,0,0
b8b33ffb-1f73-4106-81b0-9326a1e710f0,Cosmic Ganesha,0,0
bb6ed667-55ba-44c3-9386-59c9f59e3805,Cigarette case,0,0
c192131a-1c27-4fe9-b39a-1479afa1e5db,"Purple bouquet ",0,0
c454581a-d660-4c7f-bad6-e89ea619b521,Sunflower Tote bag,0,0
c56cb701-7d1d-4314-ace1-29df22c68b76,Handmade Rose Themed Gift Hamper,0,0
c7556343-00c0-4931-8218-79b8d1bf0830,SpaceAlien UniSex Opticwash T-shirt,0,0
c94974a1-4c36-416d-9cc5-782573f3317b,Sunflower bouquet,0,0
ca22108b-c7cc-4eaa-862b-73cb2d963de1,Handcrafted pink bloom hair accessories,0,0
cd6b4030-7110-466d-a989-4733a74ade1f,"Sunflower and Daisy bouquet ",0,0
d34b92ac-36b8-4d8c-bd35-cd0b88a6446d,✨ Name Garland ✨,0,0
d3c8a3ad-70bd-41e2-8ff9-1230e78ac809,Mushroom Opticwash Unisex T-shirt,0,0
d40566b3-a559-4f89-b3d7-7216610e5a13,Secret Garden Tiara-Handharness,0,0
d8ef1d4c-865c-43d8-891f-6f6bedcb7637,Rose flower pot,0,0
dc51474f-b58c-4a97-94cf-4fceacb3557c,Peach blossom hair pin (pack of 3),0,0
e1bb9e1c-587d-41d4-8a70-b65bfb36a733,Monster Lamp,0,0
e360c3e7-0134-4e14-a3ee-29b381b85999,Artisan Chocolate Gift Box,0,0
e44146ec-f881-4541-a6e4-ce903101ad66,Red hood mask,0,0
e5033c2d-25ec-41e3-9881-8b684ffbdded,9099 Spider-man mask,0,0
e5d2ebe6-5254-474b-9b81-94089838f1ba,Bougainvillea flower hair accessories,0,0
e956dcbe-6584-495b-a510-de093d417f60,Kunchi Aurora,0,0
e9f7382a-e6cb-44fa-bf71-d5c738850023,"Resin keychain ",0,0
ef9651dd-e2bf-4fb9-8c85-6fbdac00e8b6,Crochet Evil Eye Keychain,0,0
f52b9d79-f3ef-4983-a991-ec55f9390625,Gift Hamper for Him,0,0
fa8f2945-d605-4f7b-8345-4b4f639fb49d,Cigarette case,0,0
fbc1f85a-0b73-4434-8122-081a37dab2c3,Apothecary Luxury Candle,0,0
fc9d3c85-683b-4753-a621-ac16432df080,Sunday Linen Luxury Candle,0,0
fcba2642-1638-4c39-8352-89701eb00262,Evil eye bag charm,0,0
ffcaf93e-8617-452d-9be0-996160183fc9,Iced Coffee Candle,0,0