id,name,description,price,images,video_url,category,section,weight,stock,customisable,custom_questions,features,delivery_time_min,delivery_time_max,delivery_time_unit,instant_delivery,seller_id,status,approved_at,rejected_at,rejection_reason,approved_by,rejected_by,created_at,updated_at,exchange_available,mrp,material,care_instructions,size_options,return_available,return_days,cod_available,legal_disclaimer,two_way_delivery,size_price_options,color_options,size_charts,categories,sections,archived
088dc348-8484-4af7-93f1-861a65775e51,Artisan Chocolate Gift Box,Premium handcrafted chocolates made with organic ingredients. Perfect for gifting on special occasions. Each piece is carefully crafted by our expert chocolatiers using traditional methods.,98.99,"[""https://res.cloudinary.com/dr5jhntkh/image/upload/v1777711065/products/xeln9js3nj1zychvbzuw.webp""]",,Sweets,handmade,500.00,15,true,"[{""question"":""Any dietary restrictions?"",""required"":false},{""question"":""Message for the card?"",""required"":true}]","[""Sugar-free option available"",""Organic cocoa beans"",""Handmade with love"",""Beautiful gift packaging included""]",2,5,days,false,f179477b-2cf4-44f5-aaaf-864a1c6b4327,approved,,,,,,2026-05-02 08:37:46.716215+00,2026-05-29 13:36:45.880406+00,false,158.99,Premium milk chocolate with organic ingredients,"Store in a cool, dry place away from sunlight. Best consumed within 30 days of opening.","[""Pack""]",false,0,true,Actual product packaging may contain more information. Please read labels carefully before consuming.,true,[],[],[],"[""Sweets""]","[""handmade""]",true
0af221a1-389a-487f-8e14-7d5f3305169e,Secret Garden Tiara- Mangtikka,"Design: A layered flower pendant with bright pink outer petals and mint-green inner petals.
Accents: Gold-trimmed edges with yellow stamens in the center.Hanging Details: Dangling yellow beads and teardrop-shaped green leaves at the bottom.
Chain: A delicate string of small white pearls . Perfect For:

Bridal Haldi

Mehendi

Sangeet

Reception (pastels or fusion weddings)

Pre-Wedding Photoshoot

Bridesmaids & Sister-of-Bride Gifts",499.00,"[""https://umnizxayjwnknetaspxg.supabase.co/storage/v1/object/public/uploads/products/1780215732827-rr13pj.jpg"",""https://umnizxayjwnknetaspxg.supabase.co/storage/v1/object/public/uploads/products/1780215815835-bjddb.jpg"",""https://umnizxayjwnknetaspxg.supabase.co/storage/v1/object/public/uploads/products/1780215853691-sir9t.png"",""https://umnizxayjwnknetaspxg.supabase.co/storage/v1/object/public/uploads/products/1780215888972-btvw4c.jpg""]",,Jewelry,Mangtikka,8.00,999999,true,,"[""Lightweight""]",6,8,days,false,5752294a-cf18-46cd-86eb-465ffcbe7bd0,approved,,,,,,2026-05-31 08:27:18.372926+00,2026-05-31 08:27:18.372926+00,false,699.00,"Resin, copper ,resin pigment",Stay away from perfume.,,false,7,false,,false,[],[],[],"[""Jewelry"",""Resin Art"",""For Her""]","[""Mangtikka""]",false
0dcabec8-a6f2-4d56-9a41-94e00e7f3b9d,flower candle Box,Premium handcrafted candlesmade with organic ingredients. Perfect for gifting on special occasions. Each piece is carefully crafted by our expert chocolatiers using traditional methods.,348.99,"[""https://res.cloudinary.com/dr5jhntkh/image/upload/v1777625484/products/oa3plrvgdtp0tb6yeny0.png"",""https://res.cloudinary.com/dr5jhntkh/image/upload/v1777625488/products/rqclr9wspzobe0kimasr.png""]",,Candles,handmade,500.00,25,true,"[{""question"":""Any dietary restrictions?"",""required"":false},{""question"":""Message for the card?"",""required"":true}]","[""Sugar-free option available"",""Organic cocoa beans"",""Handmade with love"",""Beautiful gift packaging included""]",2,5,days,false,f179477b-2cf4-44f5-aaaf-864a1c6b4327,approved,,,,,,2026-05-01 08:51:29.203802+00,2026-06-04 13:51:03.559942+00,true,499.00,Premium milk candle with organic ingredients,"Store in a cool, dry place away from sunlight. Best consumed within 30 days of opening.","[""Pack""]",false,4,true,Actual product packaging may contain more information. Please read labels carefully before consuming.,false,[],[],[],"[""Candles""]","[""handmade""]",true
0f20c9e2-bea8-4e11-a92f-9f2fc8aa16a0,Sunflower Themed Gift Hampers for Her,"Sunflower Themed Gift hampers for Her with personalised message
Sunflower Pot
Sunflower Sling Bag
Wish Card
Chocolate",1500.00,"[""https://umnizxayjwnknetaspxg.supabase.co/storage/v1/object/public/uploads/products/1780816803520-mpe73r.png"",""https://umnizxayjwnknetaspxg.supabase.co/storage/v1/object/public/uploads/products/1780817001919-movwe8.png""]",,Crochet,Gift Hampers,500.00,999999,true,"[{""question"":""Whatmessagewouldyoulikeoncards"",""required"":true,""answerType"":""text""}]",,3,8,days,false,e84d8c53-7239-4420-bc50-487a4dcf6e0c,approved,,,,,,2026-06-07 07:22:08.487754+00,2026-06-18 07:32:09.123629+00,true,1700.00,,,[],true,7,true,,false,[],[],[],"[""Crochet"",""For Her"",""Personalized Gifts"",""Gift Hampers""]","[""Gift Hampers""]",true
12e8054f-329b-4dbd-8905-2132ec49876c,Trina spiral ring,"vibrant mix of flowers around your finger and detailed leaves, this ring will remind you of spring and all things colorful.",1600.00,"[""https://res.cloudinary.com/dr5jhntkh/image/upload/v1778651863/products/se2za96lknefufudlqhb.png"",""https://umnizxayjwnknetaspxg.supabase.co/storage/v1/object/public/uploads/products/1778655818571-4ayknt.jpg"",""https://umnizxayjwnknetaspxg.supabase.co/storage/v1/object/public/uploads/products/1779777054330-bszv1n.jpg"",""https://umnizxayjwnknetaspxg.supabase.co/storage/v1/object/public/uploads/products/1779777060345-e1imn.jpg"",""https://umnizxayjwnknetaspxg.supabase.co/storage/v1/object/public/uploads/products/1779777066963-lful2k.jpg""]",,Jewelry,Spiral ring,7.00,5,true,"[{""question"":""Send some pictures of product that like you want"",""required"":true,""answerType"":""photo""}]","[""Ultra light weight""]",6,6,days,false,5752294a-cf18-46cd-86eb-465ffcbe7bd0,approved,,,,,,2026-05-13 05:57:44.168889+00,2026-05-26 06:31:21.737173+00,false,2000.00,"Resin, copper , resin pigment",Stay away from perfume,[],false,7,false,,false,[],"[{""name"":""gold"",""image"":""""}]",[],"[""Jewelry"",""Resin Art""]","[""Spiral ring""]",false
14326a70-d982-4ccf-be45-0c78d75e5c4d,Ultimate wolverine mask,3D-Printed high quality Ultimate wolverine mask,3999.00,"[""https://umnizxayjwnknetaspxg.supabase.co/storage/v1/object/public/uploads/products/1781354276663-9x162h.jpeg"",""https://umnizxayjwnknetaspxg.supabase.co/storage/v1/object/public/uploads/products/1781354279971-6d3mme.jpeg""]",,For Him,Trending,900.00,1,true,"[{""question"":""custom size requirement"",""required"":false,""answerType"":""text""}]",,6,10,days,false,f812ae81-e5ef-4a44-aaf6-5a84560fe8b3,approved,,,,,,2026-06-13 12:28:39.382559+00,2026-06-13 12:38:12.22672+00,false,6599.00,Hard Plastic (similar material used for making bike helmets),,"[""S"",""M"",""L"",""XL""]",false,2,false,Actual product packaging will contain only the Ultimate wolverine mask,false,"[{""label"":""S"",""price"":3999},{""label"":""M"",""price"":3999},{""label"":""L"",""price"":3999},{""label"":""XL"",""price"":3999}]",[],[],"[""For Him"",""Personalized Gifts""]","[""Trending"",""Best Sellers""]",false
17c7abf1-8e94-4f2d-8b63-6f3e1d09d154,Kunchi Ocean,"✨ Luxury 100% Pure Cotton Kunchi✨ Handcrafted with Premium fabrics, soft textures, and delicate detailing — designed to bring a timeless, elegant touch to Montessori spaces, kids’ rooms, hampers, and décor. Each piece is uniquely handmade with love and carefully selected prints.",250.00,"[""https://umnizxayjwnknetaspxg.supabase.co/storage/v1/object/public/uploads/products/1778776136854-6ootqi.png""]",,For Kids,Featured,150.00,1,false,,,2,5,days,false,fff5f635-e8fa-4a64-a04d-dfe679dce05d,approved,,,,,,2026-05-14 16:28:03.757816+00,2026-05-14 16:29:07.431724+00,false,300.00,,,[],false,7,true,,false,[],[],[],"[""For Kids"",""Other""]","[""Featured""]",false
1b4b5fa6-dbe5-418d-96e2-22986921a223,Rose Devotion Luxury Candle,"A romantic fragrance inspired by devotion, softness, and timeless elegance. Rose Devotion opens with velvety rose petals, unfolds into warm sandalwood, and settles into a delicate veil of incense. Both comforting and captivating, it creates an atmosphere of intimacy, warmth, and quiet luxury. Hand-poured in small batches using 100% natural, eco-friendly soy wax. Fragrance Notes: Top: Incense, Heart: Sandalwood, Base: Rose, Materials: 100% Eco-Friendly Natural Soy Wax Blend • Premium Fragrance Oils • Stearic Acid • Approved Colorants •",535.00,"[""https://umnizxayjwnknetaspxg.supabase.co/storage/v1/object/public/uploads/products/1780067825139-v432lg.png"",""https://umnizxayjwnknetaspxg.supabase.co/storage/v1/object/public/uploads/products/1780067829843-epvnbv.png""]",,Candles,Launch Candles Collection,80.00,999999,false,[],"[""Lead-free cotton wick, eco-friendly soy wax, Premium fragrance oils""]",2,7,days,false,0e276292-a59e-4d85-9340-635a7a96540e,approved,,,,,,2026-05-29 15:18:15.972287+00,2026-06-07 14:15:18.2837+00,false,599.00,Natural Soy wax; Cotton and Lead free wick,"Trim wick to 5 mm before each burn.
Allow wax to melt evenly across the surface.
Do not burn for more than 4 hours at a time.
Never leave a burning candle unattended.","[""80g""]",false,7,true,"Due to the handcrafted nature of our candles, slight variations in color, texture, and appearance may occur. These variations do not affect product performance or quality.",false,"[{""label"":""80g"",""price"":535}]","[{""name"":""Pink"",""image"":""""}]",[],"[""Candles"",""Gift Hampers""]","[""Launch Candles Collection""]",true
231ab515-b5c9-4354-be9a-ce35a6a6902b,Couple photo Resin keychain,"A couple photo and elements like pearls ,golden crystals and golden dust.",350.00,"[""https://umnizxayjwnknetaspxg.supabase.co/storage/v1/object/public/uploads/products/1779800845351-9grhva.jpeg""]",,Resin Art,DIY Couple Gifts,80.00,1,true,"[{""question"":""Photos should be sent by document"",""required"":false,""answerType"":""text""}]",,4,6,days,false,c3b6aef6-88f0-4dbc-8654-a25a748eddfa,approved,,,,,,2026-05-26 13:17:35.73734+00,2026-06-06 05:46:18.549155+00,false,350.00,,,,false,7,false,,false,[],[],[],"[""Resin Art"",""For Her"",""Personalized Gifts""]","[""DIY Couple Gifts""]",false
247e6014-e79e-452d-b8e2-16d89c3d2be0,Kanzashi flower pink purple metalic hair pin( pack of 4).,"These handmade floral hair pins are designed to add a delicate, romantic touch to special occasion hairstyles.Craftsmanship: Made using wire-wrapping and dip resin techniques to create translucent, glass-like flower petals. Aesthetics: Features gradient shades of vibrant pink and soft white with gold-toned wire borders and shimmering rhinestone stamen centers. Design: Mounted on flexible, dual-prong gold u-pins that slide easily into buns, updos, or braided hairstyles. Versatility: Perfect for bridal wear, weddings, festivals. Colours:metalic pink-purple touch",749.00,"[""https://umnizxayjwnknetaspxg.supabase.co/storage/v1/object/public/uploads/products/1778906599836-e09fih.jpg"",""https://umnizxayjwnknetaspxg.supabase.co/storage/v1/object/public/uploads/products/1778906769552-7hw75j.webp"",""https://umnizxayjwnknetaspxg.supabase.co/storage/v1/object/public/uploads/products/1778906914735-hr6kpg.jpg""]",,Resin Art,Hair Accessories,7.00,4,true,"[{""question"":""Name the colour which you want for flowers ."",""required"":true,""answerType"":""text""}]","[""Ultra Light weight""]",6,6,days,false,5752294a-cf18-46cd-86eb-465ffcbe7bd0,approved,,,,,,2026-05-16 05:06:03.387891+00,2026-05-17 10:06:08.865411+00,false,1200.00,"Resin, copper,resin pigment",Stay away from perfume & zipper bag.,[],false,0,true,,false,[],[],[],"[""Resin Art"",""Jewelry""]","[""Hair Accessories""]",false
2d090d65-ee32-48c4-aaa2-e464bca96fef,Courage the Cowardly Dog,"Desk decor model ",399.00,"[""https://umnizxayjwnknetaspxg.supabase.co/storage/v1/object/public/uploads/products/1782034818740-vl2s7b.jpeg""]",,Home Decor,Trending,100.00,999999,false,,,4,7,days,false,f812ae81-e5ef-4a44-aaf6-5a84560fe8b3,approved,,,,,,2026-06-21 09:42:00.826428+00,2026-06-21 09:42:00.826428+00,false,999.00,,,,false,7,false,The actual product packaging will only contain the main figure,false,[],[],[],"[""Home Decor""]","[""Trending""]",false
2d578145-46bf-48ab-943a-3b5c1c11da07,Grifter Spider mask,3D-Printed high quality Grifter Spider Mask,1799.00,"[""https://umnizxayjwnknetaspxg.supabase.co/storage/v1/object/public/uploads/products/1781118302588-qz7sbc.jpeg"",""https://umnizxayjwnknetaspxg.supabase.co/storage/v1/object/public/uploads/products/1781118303551-nsq2x.jpeg"",""https://umnizxayjwnknetaspxg.supabase.co/storage/v1/object/public/uploads/products/1781118304664-4zsywe.jpeg"",""https://umnizxayjwnknetaspxg.supabase.co/storage/v1/object/public/uploads/products/1781118305633-ptwt4b.jpeg""]",,For Him,Trending,500.00,1,false,"[{""question"":""custom size requirement"",""required"":false,""answerType"":""text""}]",,4,6,days,false,f812ae81-e5ef-4a44-aaf6-5a84560fe8b3,approved,,,,,,2026-06-03 10:59:54.816873+00,2026-06-10 19:05:20.818355+00,false,5999.00,Hard Plastic (similar material used for making bike helmets) stretchable spandex fabric with premium elastic bands for wearing,,"[""S"",""M"",""L"",""XL""]",false,2,false,Actual product packaging will contain only the spider man mask,false,"[{""label"":""S"",""price"":1799},{""label"":""M"",""price"":1799},{""label"":""L"",""price"":1799},{""label"":""XL"",""price"":1799}]",[],[],"[""For Him"",""Personalized Gifts""]","[""Trending"",""Best Sellers""]",false
358e510e-3691-492f-99a7-fdd523f70a5c,"Candle ",Gdjb,40.00,"[""https://umnizxayjwnknetaspxg.supabase.co/storage/v1/object/public/uploads/products/1779261042795-idoi63.png""]",,Embroidery,handmade,13.00,100,false,,,56,86,days,false,f179477b-2cf4-44f5-aaaf-864a1c6b4327,approved,,,,,,2026-05-20 07:13:26.156435+00,2026-06-06 14:22:33.480376+00,true,67.00,,,,true,7,true,,false,[],[],[],"[""Embroidery""]","[""handmade""]",true
38856e99-1ced-446f-a5b3-cc9b90720c73,Cyber-sacred artwork,"Step into futuristic mysticism with this premium acid wash Supima t-shirt featuring an intricate cyber-sacred artwork inspired by technology, energy circuits, and spiritual symbolism. Designed for those who connect with art, music, and consciousness-driven fashion, this piece blends futuristic aesthetics with minimal luxury streetwear.",1799.00,"[""https://umnizxayjwnknetaspxg.supabase.co/storage/v1/object/public/uploads/products/1779519424610-6nbsn.jpg"",""https://umnizxayjwnknetaspxg.supabase.co/storage/v1/object/public/uploads/products/1779519429337-rn3f8.jpg"",""https://umnizxayjwnknetaspxg.supabase.co/storage/v1/object/public/uploads/products/1779519433272-sr5tid.jpg"",""https://umnizxayjwnknetaspxg.supabase.co/storage/v1/object/public/uploads/products/1779519437669-noxz7.jpg""]",,Other,Uni-sex Oversized T-shirt,150.00,100,false,[],,2,4,days,false,37c07e6f-d508-45e1-bc11-bc9495f032a9,approved,,,,,,2026-05-20 10:08:48.433339+00,2026-05-23 06:57:30.064513+00,false,1999.00,,,"[""S"",""M"",""L"",""XL"",""2XL""]",false,7,true,,false,"[{""label"":""S"",""price"":1799},{""label"":""M"",""price"":1799},{""label"":""L"",""price"":1799},{""label"":""XL"",""price"":1799},{""label"":""2XL"",""price"":1799}]",[],[],"[""Other""]","[""Uni-sex Oversized T-shirt""]",false
397a7450-33bf-4cb8-8d40-51faf36ddb3c,Pearl magnolia Lunar blossom hair pin(pack of 3 pin),"This is a three-piece set of handcrafted, vintage-style bridal hair accessories. Each piece is built on a gold-toned U-shaped hairpin, allowing them to be easily tucked into updos, buns, or braids. They feature central ivory or off-white flowers made from translucent, pearlescent petals that mimic the look of mother-of-pearl or resin. The flowers are accented with intricate, twisted gold wirework configured into delicate leaves, sprigs of clear glass bugle beads, and smaller teardrop-shaped pearlescent buds.",849.00,"[""https://umnizxayjwnknetaspxg.supabase.co/storage/v1/object/public/uploads/products/1779014309041-9m53u.png"",""https://umnizxayjwnknetaspxg.supabase.co/storage/v1/object/public/uploads/products/1779014313682-pbzxie.png"",""https://umnizxayjwnknetaspxg.supabase.co/storage/v1/object/public/uploads/products/1779014334424-fvex3j.png""]",,Jewelry,Hair Accessories,10.00,3,false,,"[""Ultra Light weight""]",6,8,days,false,5752294a-cf18-46cd-86eb-465ffcbe7bd0,approved,,,,,,2026-05-17 10:49:43.875229+00,2026-05-17 10:49:43.875229+00,false,1299.00,"Resin, copper ,resin pigment",Stay away from perfume and keep at ziplock pocket,,false,7,true,,false,[],[],[],"[""Jewelry"",""Resin Art""]","[""Hair Accessories""]",false
3c90e7ab-dc5a-4869-94bd-a0fff83c0ecb,Resin Nameplate,A customised Resin Nameplate with golden crystals and golden dust with. A crystal white base.,3600.00,"[""https://umnizxayjwnknetaspxg.supabase.co/storage/v1/object/public/uploads/products/1779798261904-9v0y1j.jpeg""]",,Resin Art,Best Sellers,450.00,1,true,[],,5,8,days,false,c3b6aef6-88f0-4dbc-8654-a25a748eddfa,approved,,,,,,2026-05-26 12:33:54.540747+00,2026-05-26 12:35:25.762306+00,false,3600.00,"Epoxy Resin, golden crystals, a golden dust, Ganpati Bappa",Place carefully while hanging it on the wall.,[],false,7,false,,false,[],[],[],"[""Resin Art"",""Home Decor"",""Gift Hampers""]","[""Best Sellers"",""Featured""]",false
412eed3d-ed8a-4a47-b5b6-00f7cb155f92,I 💕 U - Bouquet,"A heartfelt handmade bouquet created to celebrate love, warmth, and special moments with your loved ones. A timeless gift that stays beautiful forever",1700.00,"[""https://umnizxayjwnknetaspxg.supabase.co/storage/v1/object/public/uploads/products/1779182967324-vbebr9.jpeg""]",,Crochet,Featured,500.00,5,false,,,5,7,days,false,3226b96c-1e63-4198-aee8-55e4cd1fcf11,approved,,,,,,2026-05-19 09:30:36.80085+00,2026-05-19 09:30:36.80085+00,false,1700.00,,,,false,7,false,,false,[],[],[],"[""Crochet""]","[""Featured""]",false
434d3c2e-d25d-489b-a6c3-bb1043d15489,Sunshine Petals Crochet Arrangement,"Bright and cheerful, this handmade crochet sunflower basket
also includes dairy milk(2)
5star(2)",1699.98,"[""https://umnizxayjwnknetaspxg.supabase.co/storage/v1/object/public/uploads/products/1779185620089-sxo5ht.jpeg""]",,Crochet,New Arrivals,1500.00,2,true,,,6,8,days,false,3226b96c-1e63-4198-aee8-55e4cd1fcf11,approved,,,,,,2026-05-19 10:15:58.488614+00,2026-06-18 07:33:08.090033+00,false,1998.99,,,,false,7,false,,false,[],[],[],"[""Crochet"",""Gift Hampers""]","[""New Arrivals""]",true
440ce4f8-5a5e-488a-b249-ab21a3139e5b,Toe Bag,A customised tote bag that reflects Girlhood and a soft glaze for a women.,400.00,"[""https://umnizxayjwnknetaspxg.supabase.co/storage/v1/object/public/uploads/products/1779796554664-setd67.jpeg""]",,Painting,New Arrivals,250.00,1,true,"[{""question"":""Which design would you prefer to be painted on totebag"",""required"":false,""answerType"":""text""}]",,3,6,days,false,c3b6aef6-88f0-4dbc-8654-a25a748eddfa,approved,,,,,,2026-05-26 12:03:54.307803+00,2026-06-06 05:46:45.402523+00,false,400.00,A Muslim fabric Tote bag including fabric colours and a colour fixer spray on it.,Do not wash with hot water or use brush while washing.,,false,7,false,,false,[],[],[],"[""Painting"",""For Her"",""Other""]","[""New Arrivals""]",false
44e6a95f-203f-4940-b189-046cfa06652f,Sunflower and lily bouquet,"Elegant, sustainable, and beautifully handcrafted",1350.00,"[""https://umnizxayjwnknetaspxg.supabase.co/storage/v1/object/public/uploads/products/1779183783806-1nizyr.jpeg""]",,Crochet,Best Sellers,600.00,3,true,[],,5,7,days,false,3226b96c-1e63-4198-aee8-55e4cd1fcf11,approved,,,,,,2026-05-19 09:53:28.630921+00,2026-06-04 04:52:23.615399+00,false,1500.00,,,[],false,7,false,,false,[],[],[],"[""Crochet""]","[""Best Sellers""]",false
46c2a70a-558f-4d63-9436-3be5471523e4,Bluebell Blossom Crochet Vase,"A delicate handmade crochet flower arrangement featuring elegant blue blossoms beautifully displayed in a charming crochet vase with floral detailing. Designed to add warmth, color, and timeless beauty to any space, this piece is perfect for home décor, gifting, desk decoration, or special occasions. Carefully crafted with soft yarn and intricate stitches, this everlasting floral arrangement brings a cozy handmade touch that never fades.",699.00,"[""https://umnizxayjwnknetaspxg.supabase.co/storage/v1/object/public/uploads/products/1779187381385-eahdk.jpeg""]",,Crochet,Featured,300.00,4,true,[],,5,6,days,false,3226b96c-1e63-4198-aee8-55e4cd1fcf11,approved,,,,,,2026-05-19 10:43:47.632253+00,2026-05-19 14:58:28.789485+00,false,799.00,,,[],false,7,false,,false,[],[],[],"[""Crochet"",""Home Decor""]","[""Featured""]",false
4ac8b2fe-e68a-4079-bab4-0ccb29fb24c6,Kunchi Ocean,"✨ Luxury 100% Pure Cotton Kunchi✨ Handcrafted with Premium fabrics, soft textures, and delicate detailing — designed to bring a timeless, elegant touch to Montessori spaces, kids’ rooms, hampers, and décor. Each piece is uniquely handmade with love and carefully selected prints.",250.00,"[""https://umnizxayjwnknetaspxg.supabase.co/storage/v1/object/public/uploads/products/1778775377079-b5gfj4.png"",""https://umnizxayjwnknetaspxg.supabase.co/storage/v1/object/public/uploads/products/1778775381490-z0v493.png"",""https://umnizxayjwnknetaspxg.supabase.co/storage/v1/object/public/uploads/products/1778775386191-qcycyti.png"",""https://umnizxayjwnknetaspxg.supabase.co/storage/v1/object/public/uploads/products/1778775389931-jh3ng8.png""]",,For Kids,Featured,150.00,1,false,,,2,5,days,false,fff5f635-e8fa-4a64-a04d-dfe679dce05d,approved,,,,,,2026-05-14 16:16:47.459332+00,2026-05-14 16:16:47.459332+00,false,300.00,,,,false,7,true,,false,[],[],[],"[""For Kids"",""Other""]","[""Featured""]",false
4b951008-caec-4729-81e2-e91e270bf2b6,Crochet tulip bouquet (pink),"Handcrafted with care, this crochet flower bouquet brings everlasting charm to any space. A perfect blend of elegance and creativity, ideal for gifting or home décor",2499.00,"[""https://umnizxayjwnknetaspxg.supabase.co/storage/v1/object/public/uploads/products/1779177710522-r1umb8.jpeg""]",,Crochet,Trending,600.00,5,true,,,4,4,days,false,3226b96c-1e63-4198-aee8-55e4cd1fcf11,approved,,,,,,2026-05-19 08:15:02.45627+00,2026-05-19 08:15:02.45627+00,true,2650.01,,,,false,7,false,,false,[],[],[],"[""Crochet""]","[""Trending""]",false
4de63dc2-c2ed-47b0-864a-1d2199484a21,Flower basket,Add a cozy and artistic touch to your home with these decorative flower basket,2400.00,"[""https://umnizxayjwnknetaspxg.supabase.co/storage/v1/object/public/uploads/products/1779181184488-qd23xq.jpeg"",""https://umnizxayjwnknetaspxg.supabase.co/storage/v1/object/public/uploads/products/1779181188619-uib8ua.jpeg"",""https://umnizxayjwnknetaspxg.supabase.co/storage/v1/object/public/uploads/products/1779181191203-me43br.jpeg""]",,Crochet,New Arrivals,900.00,2,true,,,6,8,days,false,3226b96c-1e63-4198-aee8-55e4cd1fcf11,approved,,,,,,2026-05-19 09:28:13.833545+00,2026-05-19 09:28:13.833545+00,false,2499.00,,,,false,7,false,,false,[],[],[],"[""Crochet"",""Gift Hampers"",""Personalized Gifts"",""Home Decor""]","[""New Arrivals""]",false
4e85da57-2847-43c0-9113-66b33d0dead4,"Resin Rose Jhumka ","Preserved rose petals in Jhumkas ",350.00,"[""https://umnizxayjwnknetaspxg.supabase.co/storage/v1/object/public/uploads/products/1779794866238-7mkkriu.jpeg""]",,Resin Art,Best Sellers,40.00,1,false,,"[""Rosepetals"",""Purple Gypsy""]",4,6,days,false,c3b6aef6-88f0-4dbc-8654-a25a748eddfa,approved,,,,,,2026-05-26 11:35:41.217902+00,2026-05-26 11:35:41.217902+00,false,350.00,"Gypsy and silver dust ","Handle with care ",,false,7,false,"Do handle it with care ",true,[],"[{""name"":""Purple gypsy"",""image"":""https://umnizxayjwnknetaspxg.supabase.co/storage/v1/object/public/uploads/product-color-options/1779795263846-ugsrhg.jpeg""}]",[],"[""Resin Art"",""For Her""]","[""Best Sellers"",""Trending"",""New Arrivals""]",false
54de58db-dec2-42a8-be5e-33c3bc52846d,Carnation flower candle,"Mini soy wax candle, Sculptural Candle, Aesthetic candle, Home decor, Gift for her, Baby shower",199.00,"[""https://res.cloudinary.com/dr5jhntkh/image/upload/v1777625079/products/zcfsjgdkqz4iptprvdva.png""]",,Candles,handmade,249.00,64,false,,,7,7,days,false,f179477b-2cf4-44f5-aaaf-864a1c6b4327,approved,,,,,,2026-05-01 08:44:40.806297+00,2026-06-04 13:51:14.610599+00,true,398.99,handmade,,,true,7,true,,false,[],[],[],"[""Candles""]","[""handmade""]",true
58005915-f24d-40c1-8472-a3a7ca3fac06,Resin Rose Ring,Pink crushed roses preserved in a ring with a golden dust.,160.00,"[""https://umnizxayjwnknetaspxg.supabase.co/storage/v1/object/public/uploads/products/1779799992410-n1nkdo.jpeg"",""https://umnizxayjwnknetaspxg.supabase.co/storage/v1/object/public/uploads/products/1779800143576-600jva.jpeg"",""https://umnizxayjwnknetaspxg.supabase.co/storage/v1/object/public/uploads/products/1779800147482-pdlzht.jpeg""]",,Resin Art,Jewellery,20.00,1,false,[],,4,6,days,false,c3b6aef6-88f0-4dbc-8654-a25a748eddfa,approved,,,,,,2026-05-26 12:57:11.611071+00,2026-05-26 13:37:07.072188+00,false,160.00,,Do not spray a perfume also don’t use it on water.,[],false,7,false,,true,[],[],[],"[""Resin Art"",""Jewelry"",""For Her""]","[""Jewellery""]",false
583ee8d9-0413-488d-8bc7-94aa86570535,"Resin Couple Coaster ",4 inches Resin coaster also can be customised.Including Wooden stand and a message card.,550.00,"[""https://umnizxayjwnknetaspxg.supabase.co/storage/v1/object/public/uploads/products/1779793340312-yqq462.jpeg""]",,Resin Art,Best Sellers,150.00,1,true,"[{""question"":""Would You like to add a quote"",""required"":true,""answerType"":""text""}]","[""Customised""]",4,6,days,false,c3b6aef6-88f0-4dbc-8654-a25a748eddfa,approved,,,,,,2026-05-26 11:25:33.434927+00,2026-06-06 05:47:05.040164+00,false,550.00,Epoxy Resin,"Carry with care as it’s glass appearance if it will fall it may break! ","[""4 inches mold"",""6 inches""]",false,7,false,Handle with Care,false,"[{""label"":""4 inches mold"",""price"":550},{""label"":""6 inches"",""price"":1100}]","[{""name"":""Pastel pink and crystal white shade"",""image"":""https://umnizxayjwnknetaspxg.supabase.co/storage/v1/object/public/uploads/product-color-options/1779794620058-vth4oq.jpeg""}]",[],"[""Resin Art"",""Personalized Gifts""]","[""Best Sellers"",""Trending""]",false
5fee8a25-5840-4d3b-ad60-a987803d8dfa,Crochet lily bouquet (PINK),Tulip Bouquet pink : 2 pink and 1 leaf stick. tulip backed in pink and white sheet,999.00,"[""https://umnizxayjwnknetaspxg.supabase.co/storage/v1/object/public/uploads/products/1779180811245-bm2gbs.jpeg""]",,Crochet,Featured,550.00,3,true,,,3,5,days,false,3226b96c-1e63-4198-aee8-55e4cd1fcf11,approved,,,,,,2026-05-19 08:58:01.61064+00,2026-05-19 08:58:01.61064+00,false,1199.00,,,,false,7,false,,false,[],[],[],"[""Crochet"",""Home Decor"",""Personalized Gifts"",""Gift Hampers""]","[""Featured""]",false
602903da-dcbc-47d9-9bd3-c72b51fe3b11,Crochet Rose,"Forever rose, handmade with love. No fading, no plucking—just beauty that stays.",220.00,"[""https://umnizxayjwnknetaspxg.supabase.co/storage/v1/object/public/uploads/products/1779040117968-d3t0ok.png"",""https://umnizxayjwnknetaspxg.supabase.co/storage/v1/object/public/uploads/products/1779040126895-oy51w.png"",""https://umnizxayjwnknetaspxg.supabase.co/storage/v1/object/public/uploads/products/1779043411823-4m0o6t.png"",""https://umnizxayjwnknetaspxg.supabase.co/storage/v1/object/public/uploads/products/1779043418579-4hfjih.png""]",,Crochet,Forever Flowers,20.00,20,true,"[{""question"":""Would you like to add a message card? If yes, mention the text."",""required"":false,""answerType"":""text""},{""question"":""Do you have any customization requests? (color, size, bouquet, etc.)"",""required"":false,""answerType"":""text""}]","[""Handmade"",""Longlasting""]",3,8,days,false,e84d8c53-7239-4420-bc50-487a4dcf6e0c,approved,,,,,,2026-05-17 18:43:45.304911+00,2026-05-17 18:43:45.304911+00,true,300.00,"CottonYarn,woodenstick",,"[""20 grams""]",true,4,true,"All products are handmade, so slight variations in color, size, and design may occur, making each piece unique. Product colors may vary slightly due to lighting and screen settings.",false,"[{""label"":""20 grams"",""price"":300}]","[{""name"":""Pink"",""image"":""https://umnizxayjwnknetaspxg.supabase.co/storage/v1/object/public/uploads/product-color-options/1779040108869-zhxoh5.png""},{""name"":""Yellow"",""image"":""https://umnizxayjwnknetaspxg.supabase.co/storage/v1/object/public/uploads/product-color-options/1779040095847-fnvpis.png""},{""name"":""Red"",""image"":""https://umnizxayjwnknetaspxg.supabase.co/storage/v1/object/public/uploads/product-color-options/1779039717481-yoj2bs.png""}]",[],"[""Crochet"",""For Her"",""For Him"",""Personalized Gifts""]","[""Forever Flowers""]",false
6182a89d-087b-41ad-9e0b-91154982fdcb,Spider-man mask,3D-Printed high quality Spider-Man Brand New Day Mask,3999.00,"[""https://umnizxayjwnknetaspxg.supabase.co/storage/v1/object/public/uploads/products/1779080900368-dqovkg.jpeg"",""https://umnizxayjwnknetaspxg.supabase.co/storage/v1/object/public/uploads/products/1779080904620-8rgqu.jpeg"",""https://umnizxayjwnknetaspxg.supabase.co/storage/v1/object/public/uploads/products/1779081352080-90zzv.jpg"",""https://umnizxayjwnknetaspxg.supabase.co/storage/v1/object/public/uploads/products/1779081364430-osn28lj.jpg""]",,For Him,Trending,900.00,2,true,"[{""question"":""custom size requirement"",""required"":false,""answerType"":""text""}]",,6,10,days,false,f812ae81-e5ef-4a44-aaf6-5a84560fe8b3,approved,,,,,,2026-05-18 05:16:34.730589+00,2026-05-18 06:58:01.052076+00,true,5499.00,Hard Plastic (similar material used for making bike helmets),,"[""S"",""M"",""L"",""XL""]",false,2,false,Actual product packaging will contain only the spider man mask,false,"[{""label"":""S"",""price"":3999},{""label"":""M"",""price"":3999},{""label"":""L"",""price"":3999},{""label"":""XL"",""price"":3999}]",[],[],"[""For Him"",""Personalized Gifts""]","[""Trending"",""Best Sellers""]",false
65b4de10-4189-4ec3-b43f-268ba10efd5d,Artisan Chocolate Gift Box,Premium handcrafted chocolates made with organic ingredients. Perfect for gifting on special occasions. Each piece is carefully crafted by our expert chocolatiers using traditional methods.,899.00,"[""https://res.cloudinary.com/dr5jhntkh/image/upload/v1777716625/products/oxpcp2ljd5dqn3o1cheg.png""]",,Sweets,handmade,500.00,24,true,"[{""question"":""Any dietary restrictions?"",""required"":false,""answerType"":""text""},{""question"":""Message for the card?"",""required"":true,""answerType"":""text""}]","[""Sugar-free option available"",""Organic cocoa beans"",""Handmade with love"",""Beautiful gift packaging included""]",2,5,days,false,f179477b-2cf4-44f5-aaaf-864a1c6b4327,approved,,,,,,2026-05-02 10:10:25.663414+00,2026-06-04 13:51:00.366339+00,false,1099.00,Premium milk chocolate with organic ingredients,"Store in a cool, dry place away from sunlight. Best consumed within 30 days of opening.","[""Pack"",""small"",""medium""]",false,0,false,Actual product packaging may contain more information. Please read labels carefully before consuming.,false,"[{""label"":""Pack"",""price"":899},{""label"":""small"",""price"":499},{""label"":""medium"",""price"":699}]","[{""name"":""Classic"",""image"":""https://umnizxayjwnknetaspxg.supabase.co/storage/v1/object/public/uploads/product-color-options/1777716570277-yli20w.png""},{""name"":""rose gold"",""image"":""https://umnizxayjwnknetaspxg.supabase.co/storage/v1/object/public/uploads/product-color-options/1777716608486-04v2p.webp""}]",[],"[""Sweets""]","[""handmade""]",true
68079754-c075-4cac-ab5e-0f04f031e2bc,Resin Engagement platter,"White crystal colour engagement platter with two pearls, including a couple name and a date of a couple with a stainless steel golden colour wooden stand.",3500.00,"[""https://umnizxayjwnknetaspxg.supabase.co/storage/v1/object/public/uploads/products/1779795378977-dxhsa.jpeg""]",,Resin Art,Best Sellers,300.00,1,true,"[{""question"":""Anything you would like to add in this"",""required"":false,""answerType"":""text""}]",,5,8,days,false,c3b6aef6-88f0-4dbc-8654-a25a748eddfa,approved,,,,,,2026-05-26 11:46:25.603798+00,2026-06-06 05:47:19.509437+00,false,3500.00,"Epoxy Resin, Pearls, Shells, Gypsy,Golden Stickers ",Do handle with care as it’s glass appearance .,,false,7,false,,false,[],"[{""name"":""Pastel pink and crystal White"",""image"":""https://umnizxayjwnknetaspxg.supabase.co/storage/v1/object/public/uploads/product-color-options/1779795822527-c5b6id.jpeg""}]",[],"[""Resin Art"",""For Him"",""For Her""]","[""Best Sellers"",""New Arrivals""]",false
690dae19-e16b-4d34-bbbf-3fe0de8d479c,Cigarette case,"A sleek and durable 3D printed cigarette case designed for convenience and protection

Holds up to 8 cigarettes securely
Dedicated lighter slot for easy, all-in-one carrying

Protects cigarettes from crushing, bending, and damage

Water-resistant design helps keep contents safe from moisture

Compact and travel-friendly for everyday use

Minimal,modern design with a clean finish",550.00,"[""https://umnizxayjwnknetaspxg.supabase.co/storage/v1/object/public/uploads/products/1779893748507-antuj.jpeg"",""https://umnizxayjwnknetaspxg.supabase.co/storage/v1/object/public/uploads/products/1779893751730-sh3d6y.jpeg""]",,Other,Best Sellers,100.00,999999,false,[],"[""3d printed cigarette case"",""Holds 8 cigarettes and 1 jetty lighter""]",6,10,days,false,b1ec8c9d-796a-4c90-a749-dfb9e27d194d,approved,,,,,,2026-05-27 14:56:05.334164+00,2026-05-27 15:31:33.471216+00,false,1200.00,Hard plastic,,[],false,7,false,Actual product will only contain the cigarette case,false,[],[],[],"[""Other""]","[""Best Sellers"",""New Arrivals""]",false
6b416e0f-a720-4bb6-ac01-2c5b019571da,Pedora Smile Complete Oral Care Mini Kit for Kids (4–12 Years),"Make brushing fun and rewarding with the Pedora Smile Complete Oral Care Mini Kit for kids aged 4–12 years. This attractive gift box includes a microbristles toothbrush, bubble gum toothpaste, 2-minute sand timer, cold pack, reward stationery, and exclusive Captain Pedora keychain. Perfect for birthday return gifts, school kits, dentist rewards, customized gifting, and bulk orders. Designed to build healthy oral hygiene habits while keeping children engaged, motivated, and excited about daily brushing routines and self-care.",999.00,"[""https://umnizxayjwnknetaspxg.supabase.co/storage/v1/object/public/uploads/products/1781460763851-ccqfmw.jpg"",""https://umnizxayjwnknetaspxg.supabase.co/storage/v1/object/public/uploads/products/1781460765245-aab36.jpg"",""https://umnizxayjwnknetaspxg.supabase.co/storage/v1/object/public/uploads/products/1781460774002-qxsd5.png""]",,For Him,Pedora Smiles Kids Oral health Care Kit,450.00,999999,true,,,2,5,days,false,5234e5c0-7798-4696-83d7-59ef0bb3dc0a,approved,,,,,,2026-06-14 18:19:09.796412+00,2026-06-14 18:19:09.796412+00,false,1999.00,,,,false,7,false,,false,[],[],[],"[""For Him"",""For Kids"",""For Her"",""Personalized Gifts"",""Gift Hampers"",""Other""]","[""Pedora Smiles Kids Oral health Care Kit""]",false
6c26b0c4-01e5-4ca3-9905-114ed888efb5,Cigarette case,"A sleek and durable 3D printed cigarette case designed for convenience and protection

Holds up to 8 cigarettes securely
Dedicated lighter slot for easy, all-in-one carrying

Protects cigarettes from crushing, bending, and damage

Water-resistant design helps keep contents safe from moisture

Compact and travel-friendly for everyday use

Minimal,modern design with a clean finish",550.00,"[""https://umnizxayjwnknetaspxg.supabase.co/storage/v1/object/public/uploads/products/1779893702324-rk8ipo.jpeg"",""https://umnizxayjwnknetaspxg.supabase.co/storage/v1/object/public/uploads/products/1779893704490-gwm9xn.jpeg""]",,Other,Best Sellers,100.00,999999,false,[],"[""3d printed cigarette case"",""Holds 8 cigarettes and 1 jetty lighter""]",6,10,days,false,b1ec8c9d-796a-4c90-a749-dfb9e27d194d,approved,,,,,,2026-05-27 14:55:17.71276+00,2026-05-27 15:31:50.503592+00,false,1200.00,Hard plastic,,[],false,7,false,Actual product will only contain the cigarette case,false,[],[],[],"[""Other""]","[""Best Sellers"",""New Arrivals""]",false
718336f6-a4be-43c8-b617-a1e017d57a90,The Blossom Elixir Ring,"The Blossom Elixir Ring

Description:
This hand-crafted ring features a delicate, blooming flower sculpted with wirework. The petals are painted in a soothing white and soft mint green hue, tipped with vibrant splashes of bright pink. From its core, golden wire stamens rise to hold bright yellow, bead-like tips, capturing the essence of fresh, early spring growth against a contrasting dark base.
Perfect for :everyday wear, bridal, luxury collectors, carnival  ,haldi ceremony.",549.00,"[""https://umnizxayjwnknetaspxg.supabase.co/storage/v1/object/public/uploads/products/1779421885109-uz15gj.jpg"",""https://umnizxayjwnknetaspxg.supabase.co/storage/v1/object/public/uploads/products/1779421943095-376wl3.png"",""https://umnizxayjwnknetaspxg.supabase.co/storage/v1/object/public/uploads/products/1779421947486-0tsbp.jpg"",""https://umnizxayjwnknetaspxg.supabase.co/storage/v1/object/public/uploads/products/1779421951523-x74ywg.jpg"",""https://umnizxayjwnknetaspxg.supabase.co/storage/v1/object/public/uploads/products/1779421955604-z0kmz.jpg""]",,Jewelry,Spiral ring,5.00,5,true,"[{""question"":""Which colour do you want for this ring?"",""required"":false,""answerType"":""text""}]","[""Ultra Light weight.""]",7,8,days,false,5752294a-cf18-46cd-86eb-465ffcbe7bd0,approved,,,,,,2026-05-22 04:12:58.257252+00,2026-05-22 04:12:58.257252+00,false,799.00,"Resin, copper,resin pigment",Stay away from perfume.,,false,7,true,,false,[],[],[],"[""Jewelry"",""Resin Art"",""Personalized Gifts"",""For Her""]","[""Spiral ring""]",false
75133cbe-7749-4eb4-9253-9122d84be5fa,Crochet lily bouquet (Orange),"What It Includes

One White Lily
Two Small Orange Lilies
One Leaf Stick
Packed in Jute and Light Orange Paper",899.00,"[""https://umnizxayjwnknetaspxg.supabase.co/storage/v1/object/public/uploads/products/1779184438066-zwfbog.jpeg""]",,Crochet,Best Sellers,300.00,5,true,,,4,6,days,false,3226b96c-1e63-4198-aee8-55e4cd1fcf11,approved,,,,,,2026-05-19 09:57:26.341396+00,2026-05-19 09:57:26.341396+00,false,1100.00,,,,false,7,false,,false,[],[],[],"[""Crochet""]","[""Best Sellers""]",false
7ae3965d-e4f5-4d49-ac17-73e8140382dc,Deadpool mask,3D-Printed high quality Deadpool mask,3499.00,"[""https://umnizxayjwnknetaspxg.supabase.co/storage/v1/object/public/uploads/products/1781354154021-yosfl4.webp""]",,For Him,Trending,900.00,1,false,"[{""question"":""custom size requirement"",""required"":false,""answerType"":""text""}]",,6,10,days,false,f812ae81-e5ef-4a44-aaf6-5a84560fe8b3,approved,,,,,,2026-06-13 12:29:30.588351+00,2026-06-21 09:42:14.071565+00,false,6599.00,Hard Plastic (similar material used for making bike helmets),,"[""S"",""M"",""L"",""XL""]",false,2,false,Actual product packaging will contain only the Deadpool mask,false,"[{""label"":""S"",""price"":3499},{""label"":""M"",""price"":3499},{""label"":""L"",""price"":3499},{""label"":""XL"",""price"":3499}]",[],[],"[""For Him"",""Personalized Gifts""]","[""Trending"",""Best Sellers""]",true
7d00fcbb-a3c6-45bb-87fe-9f9b6e3d712f,"DIY Couple frame ","A5 size frame with 7,8 couple photos with cutouts.",350.00,"[""https://umnizxayjwnknetaspxg.supabase.co/storage/v1/object/public/uploads/products/1779796129102-4kj2r3.jpeg""]",,Paper Crafts,Trending,100.00,1,true,"[{""question"":""Photos as per your choice"",""required"":false,""answerType"":""text""}]",,3,5,days,false,c3b6aef6-88f0-4dbc-8654-a25a748eddfa,approved,,,,,,2026-05-26 11:55:14.941873+00,2026-06-06 05:47:31.858211+00,false,350.00,,,,false,7,false,Handle with care,false,[],[],[],"[""Paper Crafts"",""For Him"",""For Her""]","[""Trending"",""Featured""]",false
7ede0996-55af-4a1e-b345-38e331923d19,Forever Flower Lily Bouquet,"Forever Flower Lily Bouquet Includes:
Crochet Lilies
Crochet Open Tulips
Leaf Stick
Pink Lavender Flowers",1200.00,"[""https://umnizxayjwnknetaspxg.supabase.co/storage/v1/object/public/uploads/products/1780817287782-nzsbb.png""]",,Crochet,Forever Flowers,500.00,999999,false,,,3,7,days,false,e84d8c53-7239-4420-bc50-487a4dcf6e0c,approved,,,,,,2026-06-07 07:30:07.213115+00,2026-06-07 07:30:07.213115+00,true,1500.00,,,,true,7,true,,false,[],[],[],"[""Crochet"",""For Him"",""For Her"",""Other""]","[""Forever Flowers"",""Gift Hampers""]",false
814f1d0c-f82a-4f29-9180-ca0a3687209f,"Pink cutesy bouquet ",flower bouquet packed in beige paper.,1499.01,"[""https://umnizxayjwnknetaspxg.supabase.co/storage/v1/object/public/uploads/products/1779183603128-4qkycg.jpeg"",""https://umnizxayjwnknetaspxg.supabase.co/storage/v1/object/public/uploads/products/1779183618474-xjsnae.jpeg""]",,Crochet,Featured,550.00,2,true,,,4,7,days,false,3226b96c-1e63-4198-aee8-55e4cd1fcf11,approved,,,,,,2026-05-19 09:42:17.212197+00,2026-05-19 09:42:17.212197+00,false,1600.00,,,,false,7,false,,false,[],[],[],"[""Crochet""]","[""Featured""]",false
816c43d0-ab9c-4565-adef-8f91f054361f,Evil Eye Keychain,Handmade Crochet Round Evil Eye Keychain,80.00,"[""https://umnizxayjwnknetaspxg.supabase.co/storage/v1/object/public/uploads/products/1780816212470-32gsxn.png""]",,Crochet,Forever Flowers,50.00,999999,false,,,1,3,days,false,e84d8c53-7239-4420-bc50-487a4dcf6e0c,approved,,,,,,2026-06-07 07:12:45.844413+00,2026-06-07 07:17:33.061422+00,true,100.00,"Cotton Wool, Steel Ring",,,true,7,true,,false,[],[],[],"[""Crochet""]","[""Forever Flowers""]",true
81996351-4b66-40f6-aec5-0a4aecc58a72,Amazing Spider-man mask,3D-Printed high quality Amazing Spider-Man Mask,3999.00,"[""https://umnizxayjwnknetaspxg.supabase.co/storage/v1/object/public/uploads/products/1779786798861-pk5tie.jpeg"",""https://umnizxayjwnknetaspxg.supabase.co/storage/v1/object/public/uploads/products/1779786803276-jjsbu7.jpeg"",""https://umnizxayjwnknetaspxg.supabase.co/storage/v1/object/public/uploads/products/1779786806688-pawk3.jpeg"",""https://umnizxayjwnknetaspxg.supabase.co/storage/v1/object/public/uploads/products/1779786847892-vi3bdv.jpeg"",""https://umnizxayjwnknetaspxg.supabase.co/storage/v1/object/public/uploads/products/1779786851256-9o136za.jpeg""]",,For Him,Trending,900.00,1,false,"[{""question"":""custom size requirement"",""required"":false,""answerType"":""text""}]",,4,6,days,false,f812ae81-e5ef-4a44-aaf6-5a84560fe8b3,approved,,,,,,2026-05-25 13:01:53.966856+00,2026-05-26 09:14:19.64896+00,false,5499.00,Hard Plastic (similar material used for making bike helmets),,"[""S"",""M"",""L"",""XL""]",false,2,false,Actual product packaging will contain only the spider man mask,false,"[{""label"":""S"",""price"":3999},{""label"":""M"",""price"":3999},{""label"":""L"",""price"":3999},{""label"":""XL"",""price"":3999}]",[],[],"[""For Him"",""Personalized Gifts""]","[""Trending"",""Best Sellers""]",false
87575858-28bf-45fb-be1d-0dc17863a781,Handmade Crochet Pink Tulip Bouquet,A forever bloom for every occasion.,999.00,"[""https://umnizxayjwnknetaspxg.supabase.co/storage/v1/object/public/uploads/products/1779183242769-0tbbed.jpeg""]",,Crochet,Best Sellers,450.00,3,true,,,3,5,days,false,3226b96c-1e63-4198-aee8-55e4cd1fcf11,approved,,,,,,2026-05-19 09:36:42.363041+00,2026-05-19 09:36:42.363041+00,true,1000.00,,,,false,7,true,,false,[],[],[],"[""Crochet""]","[""Best Sellers""]",false
8819f739-6e33-4498-8790-4ecb98c9cd9f,Crochet Sunflower Keychain,Sunflower Keychain,80.00,"[""https://umnizxayjwnknetaspxg.supabase.co/storage/v1/object/public/uploads/products/1780816581663-prj5r.png""]",,Crochet,Crochet Keychains,50.00,999999,false,,,1,3,days,false,e84d8c53-7239-4420-bc50-487a4dcf6e0c,approved,,,,,,2026-06-07 07:17:08.214228+00,2026-06-07 07:17:08.214228+00,true,100.00,"Cotton Wool Yarn , Steel Ring",,,true,7,true,,false,[],[],[],"[""Crochet"",""For Him"",""For Her"",""Personalized Gifts""]","[""Crochet Keychains""]",false
8babb94b-eada-44dc-b378-d45382d9e20e,Sunflower Bliss Crochet Bouquet,"Bright and cheerful, this handmade crochet bouquet features a beautiful combination of sunflower, daisies, roses, and delicate floral accents arranged in elegant wrapping. Perfect for gifting or décor, this bouquet brings warmth, happiness, and everlasting beauty to every occasion. Crafted with soft yarn and intricate detailing, it is a timeless keepsake made with love.",1150.00,"[""https://umnizxayjwnknetaspxg.supabase.co/storage/v1/object/public/uploads/products/1779185438076-lxx1n.jpeg""]",,Crochet,Featured,450.00,3,true,,,5,6,days,false,3226b96c-1e63-4198-aee8-55e4cd1fcf11,approved,,,,,,2026-05-19 10:12:20.545098+00,2026-05-19 10:12:20.545098+00,false,1300.00,,,,false,7,false,,false,[],[],[],"[""Crochet""]","[""Featured""]",false
8db75b8d-bf3e-4964-8f4b-849fd22b0251,Resin Baby detailing frame,"Preserving new born baby’s hairs, using mothers prega news kit, Baby’s umbilical cord, including the details of its Weight,birth time, Blood group, Date of Birth.",2500.00,"[""https://umnizxayjwnknetaspxg.supabase.co/storage/v1/object/public/uploads/products/1779797084988-bbyqf.jpeg""]",,Resin Art,New Arrivals,400.00,1,true,,"[""EpoxyResin, Dried flowers ,pearls,silverdust""]",5,7,days,false,c3b6aef6-88f0-4dbc-8654-a25a748eddfa,approved,,,,,,2026-05-26 12:11:11.075792+00,2026-05-26 12:11:11.075792+00,false,2500.00,,Place it carefully as it’s glass appearance it may break if it will fall.,,false,7,false,,false,[],[],[],"[""Resin Art"",""For Kids""]","[""New Arrivals""]",false
8ffb3a74-20a7-49ae-b759-3bdabbf2c1ad,Name Garland,description,500.00,"[""https://res.cloudinary.com/dr5jhntkh/image/upload/v1778304443/products/uyxpmercvvclcfuht0uf.jpg""]",,Personalized Gifts,handmade,100.00,95,true,"[{""question"":""enter the name of fabric based on the fabric chart"",""required"":true,""answerType"":""text""},{""question"":""name of the baby"",""required"":true,""answerType"":""text""},{""question"":""theme description (pastel , boho , etc )"",""required"":false,""answerType"":""text""},{""question"":""any reference image"",""required"":false,""answerType"":""photo""}]","[""handmade"",""hand-woven"",""soft""]",7,9,days,false,f179477b-2cf4-44f5-aaaf-864a1c6b4327,approved,,,,,,2026-05-09 05:27:24.469739+00,2026-05-18 07:51:52.950106+00,false,699.99,,,"[""3 Letter"",""4 Letter"",""5 Letter"",""6 Letter"",""7 letter""]",false,7,true,,false,"[{""label"":""3 Letter"",""price"":500},{""label"":""4 Letter"",""price"":530},{""label"":""5 Letter"",""price"":560},{""label"":""6 Letter"",""price"":590},{""label"":""7 letter"",""price"":619.99}]",[],"[{""url"":""https://umnizxayjwnknetaspxg.supabase.co/storage/v1/object/public/uploads/product-size-charts/1778304880407-g3sad8.jpg"",""label"":""fabric chart""}]","[""Personalized Gifts"",""For Kids""]","[""handmade""]",true
926d77ce-afaf-4128-b696-009241b952f5,Black Venom Spider-man mask,3D-Printed high quality Black Venom Spider-Man Mask,3999.00,"[""https://umnizxayjwnknetaspxg.supabase.co/storage/v1/object/public/uploads/products/1779081472920-68xhap.JPG"",""https://umnizxayjwnknetaspxg.supabase.co/storage/v1/object/public/uploads/products/1779081475436-g6c019.jpg"",""https://umnizxayjwnknetaspxg.supabase.co/storage/v1/object/public/uploads/products/1779081477692-r3lk9j.jpg"",""https://umnizxayjwnknetaspxg.supabase.co/storage/v1/object/public/uploads/products/1779081480345-d1poyj.jpg""]",,For Him,Trending,900.00,1,true,"[{""question"":""custom size requirement"",""required"":false,""answerType"":""text""}]",,6,10,days,false,f812ae81-e5ef-4a44-aaf6-5a84560fe8b3,approved,,,,,,2026-05-18 05:19:00.371054+00,2026-05-19 06:20:34.862616+00,true,5499.00,Hard Plastic (similar material used for making bike helmets),,"[""S"",""M"",""L"",""XL""]",false,2,false,Actual product packaging will contain only the spider man mask,false,"[{""label"":""S"",""price"":3999},{""label"":""M"",""price"":3999},{""label"":""L"",""price"":3999},{""label"":""XL"",""price"":3999}]",[],[],"[""For Him"",""Personalized Gifts""]","[""Trending"",""Best Sellers""]",false
94503ac5-1ac5-44af-a916-2b7b0aea395d,Secret Garden Tiara-Necklace,"This handcrafted masterpiece captures the essence of a wild, blooming garden. The necklace features stylized flowers with hand-applied enamel or resin finishes in a stunning array of tropical colors. Its asymmetrical vine-like frame gracefully follows the neckline, interspersed with delicate green leaves and shimmering white pearl beads. Perfectly suited for a modern bride seeking a bold, artistic statement piece for a carnival-themed event or a traditional pre-wedding ceremony.",3999.00,"[""https://umnizxayjwnknetaspxg.supabase.co/storage/v1/object/public/uploads/products/1780174379133-akvgq9.jpg"",""https://umnizxayjwnknetaspxg.supabase.co/storage/v1/object/public/uploads/products/1780174441463-zso05.png"",""https://umnizxayjwnknetaspxg.supabase.co/storage/v1/object/public/uploads/products/1780174445514-oxly1.png"",""https://umnizxayjwnknetaspxg.supabase.co/storage/v1/object/public/uploads/products/1780174450657-un78yb.jpg""]",,Jewelry,Neckpiece,25.00,999999,true,"[{""question"":""Send a photo of the design & colour you want."",""required"":true,""answerType"":""photo""},{""question"":""Let me know if you are looking to find specific items online, and I can help you search for them!"",""required"":false,""answerType"":""photo""}]","[""Designed as a lightweight, reusable alternative to fresh flower jewelry""]",8,10,days,false,5752294a-cf18-46cd-86eb-465ffcbe7bd0,approved,,,,,,2026-05-30 21:13:07.725336+00,2026-05-30 21:35:37.079688+00,false,7599.00,"Resin, copper ,resin pigment",Stay away from perfume .,[],false,7,false,,false,[],[],[],"[""Jewelry"",""Resin Art"",""For Her"",""Personalized Gifts""]","[""Neckpiece""]",false
9642689c-8374-4ead-8ba3-d12abbeb7b39,Resin rose locket,Crushed rose petals minimal locket.,160.00,"[""https://umnizxayjwnknetaspxg.supabase.co/storage/v1/object/public/uploads/products/1779797672095-14u5ip.jpeg""]",,Resin Art,Best Sellers,30.00,1,false,,,4,6,days,false,c3b6aef6-88f0-4dbc-8654-a25a748eddfa,approved,,,,,,2026-05-26 12:19:46.524771+00,2026-05-26 12:19:46.524771+00,false,160.00,,Do not spray a perfume or use it in water.,,false,7,false,,true,[],[],[],"[""Resin Art"",""Jewelry"",""For Her""]","[""Best Sellers"",""Featured""]",false
a2b1be86-df00-4571-86d8-0439d6e4508e,Cigarette case,"A sleek and durable 3D printed cigarette case designed for convenience and protection

Holds up to 8 cigarettes securely
Dedicated lighter slot for easy, all-in-one carrying

Protects cigarettes from crushing, bending, and damage

Water-resistant design helps keep contents safe from moisture

Compact and travel-friendly for everyday use

Minimal,modern design with a clean finish",700.00,"[""https://umnizxayjwnknetaspxg.supabase.co/storage/v1/object/public/uploads/products/1779896090829-plehmg.jpeg"",""https://umnizxayjwnknetaspxg.supabase.co/storage/v1/object/public/uploads/products/1779896094488-tvpo5.jpeg"",""https://umnizxayjwnknetaspxg.supabase.co/storage/v1/object/public/uploads/products/1779896098877-mlys8j.jpeg"",""https://umnizxayjwnknetaspxg.supabase.co/storage/v1/object/public/uploads/products/1779896104566-ki0j64.jpeg""]",,Other,New Arrivals,150.00,999999,false,,"[""3d printed cigarette case"",""Holds 10 king size cigarettes""]",6,10,days,false,b1ec8c9d-796a-4c90-a749-dfb9e27d194d,approved,,,,,,2026-05-27 15:35:33.817716+00,2026-05-27 15:35:33.817716+00,false,1200.00,Hard plastic,,,false,7,false,Actual product will only contain the cigarette case,false,[],[],[],"[""Other""]","[""New Arrivals""]",false
a319b6c9-50c1-41c9-a2a7-92689c04da34,Pastel Pink Engagement Platter,A pastel pink and a crystal white base shade and a shells placements for the couple rings along with the dried gypsy pearls and golden dust including Couple name and qoate.,3500.00,"[""https://umnizxayjwnknetaspxg.supabase.co/storage/v1/object/public/uploads/products/1779801890147-k6noet.jpeg""]",,Resin Art,DIY Couple Gifts,450.00,1,true,"[{""question"":""Mention A couple name date and quote correctly"",""required"":false,""answerType"":""text""}]",,5,7,days,false,c3b6aef6-88f0-4dbc-8654-a25a748eddfa,approved,,,,,,2026-05-26 13:35:42.649838+00,2026-06-06 05:47:56.850658+00,false,3600.00,,Handle with care away from child’s as it’s glass appearance it may break if falls.,,false,7,false,,false,[],[],[],"[""Resin Art"",""For Her"",""Gift Hampers""]","[""DIY Couple Gifts"",""Resin Art""]",false
a39d7f02-4477-48f1-9c62-256121293ae8,Handmade Crochet Red Rose Bouquet,"What’s included:

10 handmade crochet roses

8 Ferrero Rocher Chocolate

Premium gift wrapping",2550.00,"[""https://umnizxayjwnknetaspxg.supabase.co/storage/v1/object/public/uploads/products/1779180307749-klh4d.jpeg""]",,Crochet,Trending,701.00,4,true,[],,5,6,days,false,3226b96c-1e63-4198-aee8-55e4cd1fcf11,approved,,,,,,2026-05-19 08:52:55.734664+00,2026-05-19 09:28:49.287833+00,false,2700.00,,,[],false,7,false,,false,[],"[{""name"":""Roses available in different color"",""image"":""""}]",[],"[""Crochet"",""For Her"",""For Him"",""Other""]","[""Trending"",""Best Sellers""]",false
a710356d-622b-48af-b9e6-4c3a770586bf,Secret Garden Tiara-Earrings,"These handcrafted hoop earrings feature a whimsical nature-inspired design on a gold-toned wire frame.
Design: Intricate floral motif.Colors: Bright pink, turquoise, and sunny yellow.
Details: Enameled petals, delicate green leaves, and white bead accents.
Style: Perfect for adding a cheerful, artistic pop of color to any casual or festive outfit.",999.00,"[""https://umnizxayjwnknetaspxg.supabase.co/storage/v1/object/public/uploads/products/1780204713035-qswhd.jpg"",""https://umnizxayjwnknetaspxg.supabase.co/storage/v1/object/public/uploads/products/1780204754196-e1jkrs.jpg"",""https://umnizxayjwnknetaspxg.supabase.co/storage/v1/object/public/uploads/products/1780204761385-90my1.jpg"",""https://umnizxayjwnknetaspxg.supabase.co/storage/v1/object/public/uploads/products/1780204830366-ky89fj.png""]",,Jewelry,Earrings,7.00,999999,true,,"[""Ultra Lightweight""]",6,8,days,false,5752294a-cf18-46cd-86eb-465ffcbe7bd0,approved,,,,,,2026-05-31 05:23:57.165012+00,2026-05-31 05:23:57.165012+00,false,1200.00,"Resin, copper ,resin pigment",Stay away from perfume.,,false,7,false,,false,[],[],[],"[""Jewelry"",""Resin Art""]","[""Earrings""]",false
aa0a6ac1-11c2-41ea-b5a4-711e20ceeb31,Cosmic Vision UniSex Opticwash T-shirt,"Explore the fusion of cosmic symbolism and futuristic streetwear with the Opticwash Cosmic Vision Tee. Featuring a detailed monochrome graphic inspired by meditation, alien aesthetics, sacred geometry, and cyber elements, this oversized tee is made for bold self-expression.",1799.00,"[""https://umnizxayjwnknetaspxg.supabase.co/storage/v1/object/public/uploads/products/1779268577927-b28m9.jpg"",""https://umnizxayjwnknetaspxg.supabase.co/storage/v1/object/public/uploads/products/1779268581226-gs5w4e.jpg"",""https://umnizxayjwnknetaspxg.supabase.co/storage/v1/object/public/uploads/products/1779268640770-jc9ade.jpg"",""https://umnizxayjwnknetaspxg.supabase.co/storage/v1/object/public/uploads/products/1779268644133-f6ju7.jpg""]",,Other,Uni-sex Oversized T-shirt,150.00,99,false,[],,2,4,days,false,37c07e6f-d508-45e1-bc11-bc9495f032a9,approved,,,,,,2026-05-20 09:15:25.455959+00,2026-05-23 06:41:43.46144+00,false,1999.00,,,"[""S"",""M"",""L"",""XL"",""2XL""]",false,7,true,,false,"[{""label"":""S"",""price"":1799},{""label"":""M"",""price"":1799},{""label"":""L"",""price"":1799},{""label"":""XL"",""price"":1799},{""label"":""2XL"",""price"":1799}]",[],[],"[""Other""]","[""Uni-sex Oversized T-shirt""]",false
ab4b7711-9c3b-4e98-9459-b108a231fa9c,Large Sunflower bouquet,"Introducing our exquisite Hand-Crocheted Forever Flower Bouquet, a timeless masterpiece crafted with love and care. This stunning arrangement features four distinct blooms:

A large, lifelike sunflower that will steal your heart,
Delicate lily of valley bunches (2) 
A vibrant leaf
All meticulously crocheted to resemble nature's finest.",1099.00,"[""https://umnizxayjwnknetaspxg.supabase.co/storage/v1/object/public/uploads/products/1779178594585-i6yx5o.jpeg"",""https://umnizxayjwnknetaspxg.supabase.co/storage/v1/object/public/uploads/products/1779178607526-y807y.jpeg""]",,Crochet,Featured,450.00,3,false,[],,4,6,days,false,3226b96c-1e63-4198-aee8-55e4cd1fcf11,approved,,,,,,2026-05-19 08:23:07.637012+00,2026-05-19 09:29:04.134285+00,true,1198.99,,,[],false,7,false,,false,[],[],[],"[""Crochet"",""For Her"",""For Him"",""Personalized Gifts""]","[""Featured""]",false
ac50090b-cbb3-452c-87e0-c9cdb44dfb0b,Poolverine mask,3D-Printed high quality Poolverine mask,3999.00,"[""https://umnizxayjwnknetaspxg.supabase.co/storage/v1/object/public/uploads/products/1781354315733-4qywlf.jpeg"",""https://umnizxayjwnknetaspxg.supabase.co/storage/v1/object/public/uploads/products/1781354316477-3r84fo.jpeg""]",,For Him,Trending,900.00,1,true,"[{""question"":""custom size requirement"",""required"":false,""answerType"":""text""}]",,6,10,days,false,f812ae81-e5ef-4a44-aaf6-5a84560fe8b3,approved,,,,,,2026-06-13 12:31:48.412882+00,2026-06-13 12:38:48.229937+00,false,6599.00,Hard Plastic (similar material used for making bike helmets),,"[""S"",""M"",""L"",""XL""]",false,2,false,Actual product packaging will contain only the Poolverine mask,false,"[{""label"":""S"",""price"":3999},{""label"":""M"",""price"":3999},{""label"":""L"",""price"":3999},{""label"":""XL"",""price"":3999}]",[],[],"[""For Him"",""Personalized Gifts""]","[""Trending"",""Best Sellers""]",false
b23059d1-747b-420a-a043-1f2f5dfedaff,Kunchi Ocean,"✨ Luxury 100% Pure Cotton Kunchi✨ Handcrafted with Premium fabrics, soft textures, and delicate detailing — designed to bring a timeless, elegant touch to Montessori spaces, kids’ rooms, hampers, and décor. Each piece is uniquely handmade with love and carefully selected prints.",250.00,"[""https://umnizxayjwnknetaspxg.supabase.co/storage/v1/object/public/uploads/products/1778775457376-1b93dy.png"",""https://umnizxayjwnknetaspxg.supabase.co/storage/v1/object/public/uploads/products/1778775463201-nca9o.png"",""https://umnizxayjwnknetaspxg.supabase.co/storage/v1/object/public/uploads/products/1778775466406-vjgtan.png"",""https://umnizxayjwnknetaspxg.supabase.co/storage/v1/object/public/uploads/products/1778775472241-gz80p.png""]",,For Kids,Featured,150.00,1,false,,,2,5,days,false,fff5f635-e8fa-4a64-a04d-dfe679dce05d,approved,,,,,,2026-05-14 16:18:07.388285+00,2026-05-14 16:18:07.388285+00,false,300.00,,,,false,7,true,,false,[],[],[],"[""For Kids"",""Other""]","[""Featured""]",false
b8b33ffb-1f73-4106-81b0-9326a1e710f0,Cosmic Ganesha,"Experience luxury comfort with our premium Supima cotton t-shirt, crafted for everyday wear with elevated style and durability. Designed with ultra-soft fabric and high-quality artistic printing, this tee blends comfort, minimal aesthetics, and statement streetwear energy.",1599.00,"[""https://umnizxayjwnknetaspxg.supabase.co/storage/v1/object/public/uploads/products/1779269060005-hcc3ss.jpg""]",,Other,Supima T-shirts,150.00,100,false,,"[""Long-lasting comfort"",""Extra softness""]",2,4,days,false,37c07e6f-d508-45e1-bc11-bc9495f032a9,approved,,,,,,2026-05-20 09:36:12.08697+00,2026-05-20 09:36:12.08697+00,true,1999.00,,,,true,7,true,,false,[],[],[],"[""Other""]","[""Supima T-shirts""]",false
bb6ed667-55ba-44c3-9386-59c9f59e3805,Cigarette case,"A sleek and durable 3D printed cigarette case designed for convenience and protection

Holds up to 8 cigarettes securely
Dedicated lighter slot for easy, all-in-one carrying

Protects cigarettes from crushing, bending, and damage

Water-resistant design helps keep contents safe from moisture

Compact and travel-friendly for everyday use

Minimal,modern design with a clean finish",550.00,"[""https://umnizxayjwnknetaspxg.supabase.co/storage/v1/object/public/uploads/products/1779893532200-pxh86r.jpeg"",""https://umnizxayjwnknetaspxg.supabase.co/storage/v1/object/public/uploads/products/1779893534803-qdahm.jpeg"",""https://umnizxayjwnknetaspxg.supabase.co/storage/v1/object/public/uploads/products/1779893537413-zef6on.jpeg""]",,Other,Best Sellers,100.00,999999,false,[],"[""3d printed cigarette case"",""Holds 8 cigarettes and 1 jetty lighter""]",6,10,days,false,b1ec8c9d-796a-4c90-a749-dfb9e27d194d,approved,,,,,,2026-05-27 14:54:24.081711+00,2026-05-27 15:32:09.071416+00,false,1200.00,Hard plastic,,[],false,7,false,Actual product will only contain the cigarette case,false,[],[],[],"[""Other""]","[""Best Sellers"",""New Arrivals""]",false
c192131a-1c27-4fe9-b39a-1479afa1e5db,"Purple bouquet ",.,1750.00,"[""https://umnizxayjwnknetaspxg.supabase.co/storage/v1/object/public/uploads/products/1779188886413-igbqj.jpeg""]",,Crochet,New Arrivals,600.00,4,true,,,6,8,days,false,3226b96c-1e63-4198-aee8-55e4cd1fcf11,approved,,,,,,2026-05-19 11:09:28.518022+00,2026-05-19 11:09:28.518022+00,false,1800.00,,,,false,7,false,,false,[],[],[],"[""Crochet""]","[""New Arrivals""]",false
c454581a-d660-4c7f-bad6-e89ea619b521,Sunflower Tote bag,A sunflower painted with fabric colours on a muslin fabric tote bag and a final touch of warnish so that the colours do not fade.,400.00,"[""https://umnizxayjwnknetaspxg.supabase.co/storage/v1/object/public/uploads/products/1779800265908-vclr3.jpeg""]",,Painting,Featured,300.00,1,true,"[{""question"":""Designs according to your choice?"",""required"":false,""answerType"":""text""}]",,4,6,days,false,c3b6aef6-88f0-4dbc-8654-a25a748eddfa,approved,,,,,,2026-05-26 13:02:34.38034+00,2026-06-06 05:48:08.588891+00,false,400.00,A muslin fabric painted with fabric colours and a final touch of warnish so that the colours do not fade.,Do not wash it with hot water or use brush while cleaning.,,false,7,false,,false,[],[],[],"[""Painting"",""For Her""]","[""Featured"",""Trending"",""New Arrivals"",""Best Sellers""]",false
c56cb701-7d1d-4314-ace1-29df22c68b76,Handmade Rose Themed Gift Hamper,"Handmade Rose Themed Gift Hamper includes:
Rose Flower Pot
Rose Potli Bag
Wish Card
Chocolate",1500.00,"[""https://umnizxayjwnknetaspxg.supabase.co/storage/v1/object/public/uploads/products/1780817021291-9yo91.png"",""https://umnizxayjwnknetaspxg.supabase.co/storage/v1/object/public/uploads/products/1780817034675-32orc.png""]",,Crochet,Gift Hampers,500.00,999999,true,"[{""question"":""What message would you like on call?"",""required"":false,""answerType"":""text""}]",,3,7,days,false,e84d8c53-7239-4420-bc50-487a4dcf6e0c,approved,,,,,,2026-06-07 07:26:21.87885+00,2026-06-18 05:16:37.45612+00,false,1700.00,,,,false,7,true,,false,[],[],[],"[""Crochet"",""For Her"",""Personalized Gifts"",""Gift Hampers""]","[""Gift Hampers""]",true
c7556343-00c0-4931-8218-79b8d1bf0830,SpaceAlien UniSex Opticwash T-shirt,"Step into futuristic streetwear with the Opticwash Unisex T-Shirt — crafted for those who love bold visuals and premium comfort. Featuring a high-quality alien-inspired graphic print with cosmic detailing, this tee blends minimal aesthetics with a modern oversized fit.",1599.00,"[""https://umnizxayjwnknetaspxg.supabase.co/storage/v1/object/public/uploads/products/1779262405785-764ekp.png"",""https://umnizxayjwnknetaspxg.supabase.co/storage/v1/object/public/uploads/products/1779262420340-wnkzl7.png"",""https://umnizxayjwnknetaspxg.supabase.co/storage/v1/object/public/uploads/products/1779262829576-vi04f.jpg"",""https://umnizxayjwnknetaspxg.supabase.co/storage/v1/object/public/uploads/products/1779264553333-9119ga.jpg""]",,Other,Uni-sex Oversized T-shirt,2.00,96,false,[],"[""Fade-resistant graphic design print"",""Premium washed cotton fabric""]",2,4,days,false,37c07e6f-d508-45e1-bc11-bc9495f032a9,approved,,,,,,2026-05-20 07:51:51.654811+00,2026-05-23 06:44:41.291242+00,false,1999.00,,,"[""S"",""M"",""L"",""XL"",""2XL""]",false,6,true,,false,"[{""label"":""S"",""price"":1599},{""label"":""M"",""price"":1599},{""label"":""L"",""price"":1599},{""label"":""XL"",""price"":1599},{""label"":""2XL"",""price"":1599}]",[],[],"[""Other""]","[""Uni-sex Oversized T-shirt""]",false
c94974a1-4c36-416d-9cc5-782573f3317b,Sunflower bouquet,Single sunflower bouquet packed in brown paper,249.99,"[""https://umnizxayjwnknetaspxg.supabase.co/storage/v1/object/public/uploads/products/1779187161069-k1ias.jpeg""]",,Crochet,Best Sellers,200.00,10,false,,,3,5,days,false,3226b96c-1e63-4198-aee8-55e4cd1fcf11,approved,,,,,,2026-05-19 10:39:43.455773+00,2026-05-19 10:39:43.455773+00,true,299.00,,,,false,7,false,,false,[],[],[],"[""Crochet""]","[""Best Sellers""]",false
ca22108b-c7cc-4eaa-862b-73cb2d963de1,Handcrafted pink bloom hair accessories,"Cherry blossom is a handcrafted resin floral hair pin designed for modern brides who love soft romance and effortless elegance. Featuring cardium-pink resin petals with a crystal beads centre and a gold-tone pin base, this hair accessory is delicately handcrafted to enhance bridal buns and wedding hairstyles without adding weight.
Created especially for brides, bridesmaids, and intimate wedding ceremonies, this handmade resin floral hair pin for weddings is feather-light, waterproof.",550.00,"[""https://res.cloudinary.com/dr5jhntkh/image/upload/v1778442151/products/t30oye1kzevcdkycgaoa.jpg"",""https://umnizxayjwnknetaspxg.supabase.co/storage/v1/object/public/uploads/products/1778514840891-rzzlnnx.jpg"",""https://umnizxayjwnknetaspxg.supabase.co/storage/v1/object/public/uploads/products/1778514845464-cytm6d.png"",""https://umnizxayjwnknetaspxg.supabase.co/storage/v1/object/public/uploads/products/1778514849706-pbh0y7.png""]",,Jewelry,Hair Accessories,5.00,10,true,,"[""*Waterproof & humidity-resistant (safe for Indian weather).*extremely light weight ""]",8,8,days,false,5752294a-cf18-46cd-86eb-465ffcbe7bd0,approved,,,,,,2026-05-10 19:42:32.181106+00,2026-05-12 03:24:33.577527+00,false,649.00,"Resin, copper .resin pigment",Stay away from perfume and keep at zip lock pastic bag,[],false,7,false,,false,[],[],[],"[""Jewelry""]","[""Hair Accessories""]",false
cd6b4030-7110-466d-a989-4733a74ade1f,"Sunflower and Daisy bouquet ",Brighten someone’s day with this adorable crochet flower bouquet,699.00,"[""https://umnizxayjwnknetaspxg.supabase.co/storage/v1/object/public/uploads/products/1779185049775-cxsain.jpeg""]",,Crochet,Best Sellers,400.00,2,true,,,3,5,days,false,3226b96c-1e63-4198-aee8-55e4cd1fcf11,approved,,,,,,2026-05-19 10:05:25.321612+00,2026-05-19 10:05:25.321612+00,false,799.00,,,,false,7,false,,false,[],[],[],"[""Crochet""]","[""Best Sellers""]",false
d34b92ac-36b8-4d8c-bd35-cd0b88a6446d,✨ Name Garland ✨,"Luxury Handmade Name Garlands 🌸✨

Beautifully handcrafted using soft pure cotton fabrics, our personalized name garlands are made to add warmth and charm to your little one’s space 🤍

Each garland is fully customizable with your choice of colours, patterns, and details—making every piece unique and specially made for your baby 💕",500.00,"[""https://res.cloudinary.com/dr5jhntkh/image/upload/v1778524402/products/gvogeqjw77xoa3tkf7ht.png"",""https://umnizxayjwnknetaspxg.supabase.co/storage/v1/object/public/uploads/products/1778774266394-w9nxu.png"",""https://umnizxayjwnknetaspxg.supabase.co/storage/v1/object/public/uploads/products/1778774271151-5p005r.png"",""https://umnizxayjwnknetaspxg.supabase.co/storage/v1/object/public/uploads/products/1778774275777-bzci4.png""]",,For Kids,Featured,200.00,1,true,"[{""question"":""Children's Name"",""required"":true,""answerType"":""text""},{""question"":""Colour Patterns - Number per letter"",""required"":true,""answerType"":""text""},{""question"":""any reference image"",""required"":false,""answerType"":""photo""}]",,3,7,days,false,fff5f635-e8fa-4a64-a04d-dfe679dce05d,approved,,,,,,2026-05-11 18:33:23.132318+00,2026-06-17 04:29:15.961907+00,false,1500.00,100% Organic Cotton,"Soft, lightweight, washable, and safe for nursery decor 🧸🌼
Perfect for baby rooms, Name reveals, gifts, and precious Keepsake memories ✨","[""3 Letters"",""4 Letters"",""5 Letters"",""6 Letters"",""7 Letters"",""8 Letters""]",false,0,true,,false,"[{""label"":""3 Letters"",""price"":500},{""label"":""4 Letters"",""price"":530},{""label"":""5 Letters"",""price"":560},{""label"":""6 Letters"",""price"":590},{""label"":""7 Letters"",""price"":620},{""label"":""8 Letters"",""price"":650}]",[],"[{""url"":""https://umnizxayjwnknetaspxg.supabase.co/storage/v1/object/public/uploads/product-size-charts/1779042884214-kht6fa.jpg"",""label"":""Pink and Purple's""},{""url"":""https://umnizxayjwnknetaspxg.supabase.co/storage/v1/object/public/uploads/product-size-charts/1779042921127-qlbfg.jpg"",""label"":""Green and Blue's""},{""url"":""https://umnizxayjwnknetaspxg.supabase.co/storage/v1/object/public/uploads/product-size-charts/1779042958372-ygd6j.jpg"",""label"":""Yellow Grey and Brown's""}]","[""For Kids"",""Personalized Gifts"",""Home Decor"",""Other""]","[""Featured""]",false
d3c8a3ad-70bd-41e2-8ff9-1230e78ac809,Mushroom Opticwash Unisex T-shirt,"A fusion of surreal art and futuristic streetwear, the Opticwash Mushroom Tee features a dreamy psychedelic graphic with a mystical eye illustration and maze-inspired detailing. Designed for creators, explorers, and lovers of experimental fashion.",1599.00,"[""https://umnizxayjwnknetaspxg.supabase.co/storage/v1/object/public/uploads/products/1779265070150-oz8ya.jpg"",""https://umnizxayjwnknetaspxg.supabase.co/storage/v1/object/public/uploads/products/1779268683513-kzbhh6.jpg"",""https://umnizxayjwnknetaspxg.supabase.co/storage/v1/object/public/uploads/products/1779268963826-try2lp9.jpg"",""https://umnizxayjwnknetaspxg.supabase.co/storage/v1/object/public/uploads/products/1779268967074-khohnc.jpg""]",,Other,Uni-sex Oversized T-shirt,150.00,100,false,[],"[""Premium washed cotton fabric"",""High-quality durable print""]",2,4,days,false,37c07e6f-d508-45e1-bc11-bc9495f032a9,approved,,,,,,2026-05-20 08:24:49.634642+00,2026-05-23 06:42:25.547641+00,false,1999.00,,,"[""S"",""M"",""L"",""XL"",""2XL""]",false,7,true,,false,"[{""label"":""S"",""price"":1599},{""label"":""M"",""price"":1599},{""label"":""L"",""price"":1599},{""label"":""XL"",""price"":1599},{""label"":""2XL"",""price"":1598.99}]",[],[],"[""Other""]","[""Uni-sex Oversized T-shirt""]",false
d40566b3-a559-4f89-b3d7-7216610e5a13,Secret Garden Tiara-Handharness,"Central Motif: Large, multi-layered flowers painted in striking pink, red, and white enamel.
Cascading Elements: Trailing gold wire chains adorned with small light-blue and green enameled leaves.
Sparkling Accents: Tiny yellow details and small embedded rhinestones that catch the light.
Occasion Style: A perfect bohemian or festive accessory for mehendi functions, weddings, and traditional celebrations.",2200.00,"[""https://umnizxayjwnknetaspxg.supabase.co/storage/v1/object/public/uploads/products/1780175853796-wxvzhh.jpg"",""https://umnizxayjwnknetaspxg.supabase.co/storage/v1/object/public/uploads/products/1780175859355-3rp0om.jpg"",""https://umnizxayjwnknetaspxg.supabase.co/storage/v1/object/public/uploads/products/1780176043619-ry67mt.png"",""https://umnizxayjwnknetaspxg.supabase.co/storage/v1/object/public/uploads/products/1780176083987-d3lqlm.jpg"",""https://umnizxayjwnknetaspxg.supabase.co/storage/v1/object/public/uploads/products/1780199562079-n6b7j.jpg""]",,Jewelry,Handharness,15.00,999999,true,"[{""question"":""Send a photo of the design & colour that you want."",""required"":false,""answerType"":""photo""}]","[""Designed as a lightweight, reusable alternative to fresh flower jewelry,""]",8,10,days,false,5752294a-cf18-46cd-86eb-465ffcbe7bd0,approved,,,,,,2026-05-30 21:28:11.493614+00,2026-06-17 04:29:45.242548+00,false,3500.00,"Resin, copper ,resin pigment",Stay away from perfume.,[],false,7,false,,false,[],[],[],"[""Jewelry"",""Resin Art"",""For Her""]","[""Handharness""]",false
d8ef1d4c-865c-43d8-891f-6f6bedcb7637,Rose flower pot,"HOME DÉCOR ",299.00,"[""https://umnizxayjwnknetaspxg.supabase.co/storage/v1/object/public/uploads/products/1779185770448-ud5rld.jpeg"",""https://umnizxayjwnknetaspxg.supabase.co/storage/v1/object/public/uploads/products/1779185772016-qm2q.jpeg""]",,Crochet,Best Sellers,300.00,9,true,,,3,4,days,false,3226b96c-1e63-4198-aee8-55e4cd1fcf11,approved,,,,,,2026-05-19 10:17:25.539144+00,2026-05-19 10:17:25.539144+00,false,300.00,,,,false,7,false,,false,[],[],[],"[""Crochet"",""Home Decor""]","[""Best Sellers""]",false
dc51474f-b58c-4a97-94cf-4fceacb3557c,Peach blossom hair pin (pack of 3),"Artisanal Craftsmanship: Meticulously shaped with gold-tone wire and finished with glossy dip resin.
Elegant Design: Features blooming pink and coral ombre petals with shimmering translucent green leaves.
Delicate Details: Anchored by a central pearl bead cluster and surrounded by intricate gold wire loop accents.
Secure Hold: Mounted on traditional U-shaped metal hair forks that slide smoothly into buns, twists, and updos.
Versatile Styling: Wear them clustered together for a dramatic statement or spaced out across an intricate braid",849.00,"[""https://umnizxayjwnknetaspxg.supabase.co/storage/v1/object/public/uploads/products/1778863490319-z1e5k.jpg"",""https://umnizxayjwnknetaspxg.supabase.co/storage/v1/object/public/uploads/products/1778865851211-crubdj.jpg""]",,Resin Art,Hair Accessories,20.00,1,true,"[{""question"":""Which colours do u want for flowers"",""required"":true,""answerType"":""text""}]","[""Extremely light weight""]",6,6,days,false,5752294a-cf18-46cd-86eb-465ffcbe7bd0,approved,,,,,,2026-05-15 17:13:11.412314+00,2026-05-17 10:05:17.049299+00,false,1299.00,"Resin, copper ,resin pigment",Stay away from perfume and keep at zip lock pocket.,[],false,7,true,,false,[],[],[],"[""Resin Art"",""Jewelry""]","[""Hair Accessories""]",false
e1bb9e1c-587d-41d4-8a70-b65bfb36a733,Monster Lamp,High quality 3d printed monster energy drink lamp,1299.00,"[""https://umnizxayjwnknetaspxg.supabase.co/storage/v1/object/public/uploads/products/1781118410062-n725ga.jpeg"",""https://umnizxayjwnknetaspxg.supabase.co/storage/v1/object/public/uploads/products/1781118411159-5osfrb.jpeg"",""https://umnizxayjwnknetaspxg.supabase.co/storage/v1/object/public/uploads/products/1781118412416-qveqoy.jpeg"",""https://umnizxayjwnknetaspxg.supabase.co/storage/v1/object/public/uploads/products/1781118413400-rhh8w.jpeg"",""https://umnizxayjwnknetaspxg.supabase.co/storage/v1/object/public/uploads/products/1781118456442-97ukye.jpeg""]",,Home Decor,Trending,600.00,999999,false,[],,4,7,days,false,f812ae81-e5ef-4a44-aaf6-5a84560fe8b3,approved,,,,,,2026-06-10 19:10:11.716521+00,2026-06-10 19:10:34.922471+00,false,3499.00,Premium Hard plastic,,[],false,7,false,Actual product packaging will only contain the lamp along with the usb cable,false,[],[],[],"[""Home Decor""]","[""Trending""]",false
e360c3e7-0134-4e14-a3ee-29b381b85999,Artisan Chocolate Gift Box,Premium handcrafted chocolates made with organic ingredients. Perfect for gifting on special occasions. Each piece is carefully crafted by our expert chocolatiers using traditional methods.,899.00,"[""https://res.cloudinary.com/dr5jhntkh/image/upload/v1777716625/products/oxpcp2ljd5dqn3o1cheg.png""]",,Sweets,handmade,500.00,24,true,"[{""question"":""Any dietary restrictions?"",""required"":false,""answerType"":""text""},{""question"":""Message for the card?"",""required"":true,""answerType"":""text""}]","[""Sugar-free option available"",""Organic cocoa beans"",""Handmade with love"",""Beautiful gift packaging included""]",2,5,days,false,f179477b-2cf4-44f5-aaaf-864a1c6b4327,approved,,,,,,2026-05-22 13:34:16.038691+00,2026-05-22 13:34:28.772641+00,false,1099.00,Premium milk chocolate with organic ingredients,"Store in a cool, dry place away from sunlight. Best consumed within 30 days of opening.","[""Pack"",""small"",""medium""]",false,0,false,Actual product packaging may contain more information. Please read labels carefully before consuming.,false,"[{""label"":""Pack"",""price"":899},{""label"":""small"",""price"":499},{""label"":""medium"",""price"":699}]","[{""name"":""Classic"",""image"":""https://umnizxayjwnknetaspxg.supabase.co/storage/v1/object/public/uploads/product-color-options/1777716570277-yli20w.png""},{""name"":""rose gold"",""image"":""https://umnizxayjwnknetaspxg.supabase.co/storage/v1/object/public/uploads/product-color-options/1777716608486-04v2p.webp""}]",[],"[""Sweets""]","[""handmade""]",true
e44146ec-f881-4541-a6e4-ce903101ad66,Red hood mask,3D-Printed high quality Red hood mask,3699.00,"[""https://umnizxayjwnknetaspxg.supabase.co/storage/v1/object/public/uploads/products/1782153210180-kvlw7o.jpeg""]",,For Him,Trending,900.00,1,true,"[{""question"":""custom size requirement"",""required"":false,""answerType"":""text""}]",,6,10,days,false,f812ae81-e5ef-4a44-aaf6-5a84560fe8b3,approved,,,,,,2026-06-22 18:32:43.500798+00,2026-06-22 18:35:42.918025+00,false,6599.00,Hard Plastic (similar material used for making bike helmets),,"[""S"",""M"",""L"",""XL""]",false,2,false,Actual product packaging will contain only the Red hood mask,false,"[{""label"":""S"",""price"":3999},{""label"":""M"",""price"":3699},{""label"":""L"",""price"":3999},{""label"":""XL"",""price"":3999}]",[],[],"[""For Him"",""Personalized Gifts""]","[""Trending"",""Best Sellers""]",false
e5033c2d-25ec-41e3-9881-8b684ffbdded,9099 Spider-man mask,3D-Printed high quality 9099 Spider-Man Mask,3699.00,"[""https://umnizxayjwnknetaspxg.supabase.co/storage/v1/object/public/uploads/products/1781118757786-jsvjcv.jpeg"",""https://umnizxayjwnknetaspxg.supabase.co/storage/v1/object/public/uploads/products/1781118758537-qydplf.jpeg"",""https://umnizxayjwnknetaspxg.supabase.co/storage/v1/object/public/uploads/products/1781118759691-evm6qd.jpeg""]",,For Him,Trending,900.00,1,false,"[{""question"":""custom size requirement"",""required"":false,""answerType"":""text""}]",,4,6,days,false,f812ae81-e5ef-4a44-aaf6-5a84560fe8b3,approved,,,,,,2026-06-01 11:19:45.081883+00,2026-06-10 19:12:47.67524+00,false,6999.00,Hard Plastic (similar material used for making bike helmets),,"[""M"",""L"",""XL""]",false,2,false,Actual product packaging will contain only the spider man mask,false,"[{""label"":""M"",""price"":3699},{""label"":""L"",""price"":3699},{""label"":""XL"",""price"":3699}]",[],[],"[""For Him"",""Personalized Gifts""]","[""Trending"",""Best Sellers""]",false
e5d2ebe6-5254-474b-9b81-94089838f1ba,Bougainvillea flower hair accessories,"It features an elegant pink bougainvillea flower bloom alongside detailed green leaves, meticulously structured onto a gold-toned U-shaped metal pin.This structure allows it to slide into hair buns, chignons, or half-up hairstyles effortlessly while providing a secure hold.Inspired by traditional Asian hair ornaments like the Japanese Kanzashi or Chinese Hanfu accessories, this accessory blends vintage oriental charm with a whimsical, modern aesthetic. It is perfect for weddings, festivals, or adding a unique floral accent to any formal styling.",450.00,"[""https://umnizxayjwnknetaspxg.supabase.co/storage/v1/object/public/uploads/products/1779012416716-aej7fn.jpg"",""https://umnizxayjwnknetaspxg.supabase.co/storage/v1/object/public/uploads/products/1779012419951-hntpe8.jpg""]",,Jewelry,Hair Accessories,5.00,1,false,[],"[""Ultra light weight""]",6,8,days,false,5752294a-cf18-46cd-86eb-465ffcbe7bd0,approved,,,,,,2026-05-17 10:17:47.728617+00,2026-05-19 18:14:24.600859+00,false,750.00,"Resin, copper ,resin pigment",Stay away from perfume.,[],false,7,true,,false,[],[],[],"[""Jewelry"",""Resin Art""]","[""Hair Accessories""]",false
e956dcbe-6584-495b-a510-de093d417f60,Kunchi Aurora,"✨ Luxury 100% Pure Cotton Kunchi✨ Handcrafted with Premium fabrics, soft textures, and delicate detailing — designed to bring a timeless, elegant touch to Montessori spaces, kids’ rooms, hampers, and décor. Each piece is uniquely handmade with love and carefully selected prints.",250.00,"[""https://umnizxayjwnknetaspxg.supabase.co/storage/v1/object/public/uploads/products/1778775209042-u3394k.png"",""https://umnizxayjwnknetaspxg.supabase.co/storage/v1/object/public/uploads/products/1778775215255-04njeg.png"",""https://umnizxayjwnknetaspxg.supabase.co/storage/v1/object/public/uploads/products/1778775220385-56v6ms.png"",""https://umnizxayjwnknetaspxg.supabase.co/storage/v1/object/public/uploads/products/1778775225872-7xxihe.png""]",,For Kids,Featured,150.00,1,false,,,2,5,days,false,fff5f635-e8fa-4a64-a04d-dfe679dce05d,approved,,,,,,2026-05-14 16:11:27.749824+00,2026-05-14 16:14:00.930014+00,false,300.00,,,[],false,7,true,,false,[],[],[],"[""For Kids"",""Other""]","[""Featured""]",false
e9f7382a-e6cb-44fa-bf71-d5c738850023,"Resin keychain ",11:11 customised keychain with A galaxy theme and golden crystals and pearls decorated along.,300.00,"[""https://umnizxayjwnknetaspxg.supabase.co/storage/v1/object/public/uploads/products/1779799522195-kxo13u.jpeg""]",,Resin Art,Trending,70.00,1,true,"[{""question"":""You can also mention a name of your partner"",""required"":false,""answerType"":""text""}]",,4,6,days,false,c3b6aef6-88f0-4dbc-8654-a25a748eddfa,approved,,,,,,2026-05-26 12:52:45.339192+00,2026-06-06 05:48:26.675256+00,false,300.00,"Epoxy resin, Pearls, golden And silver dust ",,,false,7,true,,false,[],"[{""name"":""Pastel pink"",""image"":""https://umnizxayjwnknetaspxg.supabase.co/storage/v1/object/public/uploads/product-color-options/1779799791329-bahe5l.jpeg""},{""name"":""Pastel Violet"",""image"":""https://umnizxayjwnknetaspxg.supabase.co/storage/v1/object/public/uploads/product-color-options/1779799808106-0yyaiu.jpeg""},{""name"":""Strawberry shade"",""image"":""https://umnizxayjwnknetaspxg.supabase.co/storage/v1/object/public/uploads/product-color-options/1779799880604-mrwmn5.jpeg""}]",[],"[""Resin Art"",""For Her"",""For Him"",""Personalized Gifts""]","[""Trending""]",false
ef9651dd-e2bf-4fb9-8c85-6fbdac00e8b6,Crochet Evil Eye Keychain,Crochet Evil Eye Keychain,80.00,"[""https://umnizxayjwnknetaspxg.supabase.co/storage/v1/object/public/uploads/products/1780816700618-r4ne5i.png""]",,Crochet,Crochet Keychains,50.00,999999,false,,,1,3,days,false,e84d8c53-7239-4420-bc50-487a4dcf6e0c,approved,,,,,,2026-06-07 07:18:35.483892+00,2026-06-18 05:15:18.307506+00,true,100.00,,,,true,7,true,,false,[],[],[],"[""Crochet"",""For Him"",""For Her"",""Personalized Gifts""]","[""Crochet Keychains""]",true
f52b9d79-f3ef-4983-a991-ec55f9390625,Gift Hamper for Him,"A gift hamper including a Bouquet of Hershey’s chocolates a white t shirt, Resin photo keychain, Scroll in a glass jar,Mini Photo Album,A small greeting, DIY Mini Rose bouquet and a mini gift.",1600.00,"[""https://umnizxayjwnknetaspxg.supabase.co/storage/v1/object/public/uploads/products/1779802671333-62apqi.jpeg""]",,For Him,DIY Couple Gifts,500.00,1,true,,,6,8,days,false,c3b6aef6-88f0-4dbc-8654-a25a748eddfa,approved,,,,,,2026-05-26 13:44:35.760737+00,2026-05-26 13:44:35.760737+00,false,1600.00,"Premium chocolate bouquet, a black box paper roses ","Handle with care ",,false,7,false,,false,[],[],[],"[""For Him"",""Gift Hampers""]","[""DIY Couple Gifts""]",false
fa8f2945-d605-4f7b-8345-4b4f639fb49d,Cigarette case,"A sleek and durable 3D printed cigarette case designed for convenience and protection

Holds up to 8 cigarettes securely
Dedicated lighter slot for easy, all-in-one carrying

Protects cigarettes from crushing, bending, and damage

Water-resistant design helps keep contents safe from moisture

Compact and travel-friendly for everyday use

Minimal,modern design with a clean finish",550.00,"[""https://umnizxayjwnknetaspxg.supabase.co/storage/v1/object/public/uploads/products/1779892876798-u0lhb.jpg"",""https://umnizxayjwnknetaspxg.supabase.co/storage/v1/object/public/uploads/products/1779892910355-1oh9g.JPG"",""https://umnizxayjwnknetaspxg.supabase.co/storage/v1/object/public/uploads/products/1779892921540-gy04cb.jpg""]",,Other,Best Sellers,100.00,999999,false,[],"[""3d printed cigarette case""]",6,10,days,false,b1ec8c9d-796a-4c90-a749-dfb9e27d194d,approved,,,,,,2026-05-27 14:50:27.068537+00,2026-05-27 15:32:30.446577+00,false,1200.00,Hard plastic,,[],false,7,false,Actual product will only contain the cigarette case,false,[],[],[],"[""Other""]","[""Best Sellers"",""New Arrivals""]",false
fbc1f85a-0b73-4434-8122-081a37dab2c3,Apothecary Luxury Candle,"A calming fragrance inspired by old apothecaries, botanical remedies, and moments of quiet reflection. Apothecary opens with the bright freshness of lemongrass, unfolds into soothing lavender, and settles into a warm sandalwood base. Hand-poured in small batches using 100% natural, eco-friendly soy wax. Fragrance notes: Top: Lemon Grass, Heart: Lavender, Base: Sandalwood. Materials: 100% Eco-Friendly Natural Soy Wax Blend • Premium Fragrance oils",499.00,"[""https://umnizxayjwnknetaspxg.supabase.co/storage/v1/object/public/uploads/products/1780068925941-6t3amx.png"",""https://umnizxayjwnknetaspxg.supabase.co/storage/v1/object/public/uploads/products/1780068954780-58a4bj.png""]",,Candles,Launch Candles Collection,80.00,999999,false,,"[""Lead-free cotton wick, eco-friendly soy wax, Premium fragrance oils""]",2,7,days,false,0e276292-a59e-4d85-9340-635a7a96540e,approved,,,,,,2026-05-29 15:37:38.992923+00,2026-06-07 14:15:10.516606+00,false,555.00,Natural Soy wax; Cotton and Lead free wick,"Trim wick to 5 mm before each burn.
Allow wax to melt evenly across the surface.
Do not burn for more than 4 hours at a time.
Never leave a burning candle unattended.","[""80g""]",false,7,true,"Due to the handcrafted nature of our candles, slight variations in color, texture, and appearance may occur. These variations do not affect product performance or quality.",false,"[{""label"":""80g"",""price"":499}]","[{""name"":""Brown"",""image"":""""}]",[],"[""Candles""]","[""Launch Candles Collection""]",true
fc9d3c85-683b-4753-a621-ac16432df080,Sunday Linen Luxury Candle,"A soft and comforting fragrance inspired by freshly laundered linens and quiet moments of rest. Blending calming lavender with warm sandalwood, Sunday Linen creates a clean, serene atmosphere designed for slow mornings, peaceful evenings, and everyday rituals. 
Hand-poured in small batches using 100% natural eco-friendly soy wax. 

Fragrance Notes: 
Top: Fresh Linen, 
Heart: Lavender, 
Base: Sandalwood. 

Materials: 100% Eco-Friendly Natural Soy Wax Blend • Premium Fragrance Oils • Stearic Acid • Approved Colorants • Lead-Free Cotton Wick • Glass",499.00,"[""https://umnizxayjwnknetaspxg.supabase.co/storage/v1/object/public/uploads/products/1780065906975-03plyqe.png"",""https://umnizxayjwnknetaspxg.supabase.co/storage/v1/object/public/uploads/products/1780065912172-gprji2.png""]",,Candles,Launch Candles Collection,80.00,999999,false,[],"[""Lead-free cotton wick, eco-friendly soy wax, Premium fragrance oils""]",2,7,days,false,0e276292-a59e-4d85-9340-635a7a96540e,approved,,,,,,2026-05-29 14:56:09.254181+00,2026-06-07 14:15:22.366471+00,true,555.00,Natural Soy wax; Cotton and Lead free wick,"Trim wick to 5 mm before each burn.
Allow wax to melt evenly across the surface.
Do not burn for more than 4 hours at a time.
Never leave a burning candle unattended.","[""80g""]",false,7,true,"Due to the handcrafted nature of our candles, slight variations in color, texture, and appearance may occur. These variations do not affect product performance or quality.",false,"[{""label"":""80g"",""price"":499}]","[{""name"":""White"",""image"":""""}]",[],"[""Candles""]","[""Launch Candles Collection""]",true
fcba2642-1638-4c39-8352-89701eb00262,Evil eye bag charm,.,170.00,"[""https://umnizxayjwnknetaspxg.supabase.co/storage/v1/object/public/uploads/products/1779187567504-4ihxth.jpeg""]",,Crochet,Featured,100.00,8,true,,,2,3,days,false,3226b96c-1e63-4198-aee8-55e4cd1fcf11,approved,,,,,,2026-05-19 10:56:36.260858+00,2026-06-18 05:16:17.380742+00,false,250.00,,,,false,7,false,,false,[],[],[],"[""Crochet"",""For Her"",""Gift Hampers""]","[""Featured""]",true
ffcaf93e-8617-452d-9be0-996160183fc9,Iced Coffee Candle,Handmade Soy Wax with Coffee Scent,399.00,"[""https://res.cloudinary.com/dr5jhntkh/image/upload/v1777624925/products/rls4n0hcaxy7in1hlebs.png"",""https://res.cloudinary.com/dr5jhntkh/image/upload/v1777624919/products/xns7iynrerzg8wjnom6a.png"",""https://umnizxayjwnknetaspxg.supabase.co/storage/v1/object/public/uploads/products/1778512870263-e3adyk.png"",""https://umnizxayjwnknetaspxg.supabase.co/storage/v1/object/public/uploads/products/1778512883166-x22xuh.jpg""]",,Candles,scented,400.00,99,true,"[{""question"":""Any dietary restrictions?"",""required"":false}]",,7,10,days,false,f179477b-2cf4-44f5-aaaf-864a1c6b4327,approved,,,,,,2026-05-01 08:42:06.758296+00,2026-06-04 13:51:07.011283+00,true,598.95,Premium wax with organic ingredients,store in cool place,"[""small"",""medium"",""large""]",true,7,true,nothing,false,[],[],[],"[""Candles""]","[""scented""]",true